case_id,customer_id,card_id,opened_at,closed_at,outcome,pattern,exposure_usd,n_txns,report_filed,analyst_notes
CC-0255,C02354,C02354-K2,2016-07-09 00:09:53,2016-07-12 18:09:53,confirmed_fraud,account_takeover,1167.08,7,true,"Case CC-0255: cardholder C02354 reported unrecognized activity on card C02354-K2. 7 transaction(s) between 2016-07-06 and 2016-07-08 totaling $1,167.08 were confirmed fraudulent. Mixed-channel activity inconsistent with the cardholder; credentials and card data both used. Online transactions came from a iOS Device on mobile safari 10.0. Card blocked and reissued. Customer reimbursed."
CC-0405,C02354,C02354-K2,2016-07-12 06:45:36,2016-07-14 22:45:36,cleared,none,0.0,1,false,Case CC-0405: model scored a $22.30 transaction at 0.94. Cardholder confirmed travel to the billing region in question. Alert cleared.
CC-0454,C02354,C02354-K2,2016-07-13 16:11:34,2016-07-18 04:11:34,confirmed_fraud,account_takeover,940.94,6,false,Case CC-0454: cardholder C02354 reported unrecognized activity on card C02354-K2. 6 transaction(s) between 2016-07-12 and 2016-07-13 totaling $940.94 were confirmed fraudulent. Mixed-channel activity inconsistent with the cardholder; credentials and card data both used. Online transactions came from a iOS Device on mobile safari 11.0. Card blocked and reissued. Customer reimbursed.
CC-0631,C02354,C02354-K2,2016-07-16 23:16:38,2016-07-22 03:16:38,confirmed_fraud,out_of_region_use,118.17,2,false,"Case CC-0631: cardholder C02354 reported unrecognized activity on card C02354-K2. 2 transaction(s) between 2016-07-16 and 2016-07-16 totaling $118.17 were confirmed fraudulent. Card-present use in a billing region the cardholder had no history in, while the cardholder retained the card. Card blocked and reissued. Customer reimbursed."
CC-1450,C02354,C02354-K2,2016-07-30 07:41:05,2016-08-03 22:41:05,confirmed_fraud,account_takeover,2351.25,14,true,"Case CC-1450: cardholder C02354 reported unrecognized activity on card C02354-K2. 14 transaction(s) between 2016-07-21 and 2016-07-29 totaling $2,351.25 were confirmed fraudulent. Mixed-channel activity inconsistent with the cardholder; credentials and card data both used. Online transactions came from a iOS Device on mobile safari 11.0. Card blocked and reissued. Customer reimbursed."
CC-1699,C02354,C02354-K2,2016-08-05 06:23:28,2016-08-09 01:23:28,confirmed_fraud,account_takeover,329.06,2,false,Case CC-1699: cardholder C02354 reported unrecognized activity on card C02354-K2. 2 transaction(s) between 2016-08-04 and 2016-08-05 totaling $329.06 were confirmed fraudulent. Mixed-channel activity inconsistent with the cardholder; credentials and card data both used. Online transactions came from a rv:57.0 on firefox. Card blocked and reissued. Customer reimbursed.
CC-2051,C02354,C02354-K2,2016-08-13 03:45:51,2016-08-14 00:45:51,confirmed_fraud,account_takeover,226.12,5,false,Case CC-2051: cardholder C02354 reported unrecognized activity on card C02354-K2. 5 transaction(s) between 2016-08-08 and 2016-08-12 totaling $226.12 were confirmed fraudulent. Mixed-channel activity inconsistent with the cardholder; credentials and card data both used. Card blocked and reissued. Customer reimbursed.
CC-2187,C02354,C02354-K2,2016-08-16 07:34:48,2016-08-18 13:34:48,confirmed_fraud,account_takeover,543.01,3,false,Case CC-2187: cardholder C02354 reported unrecognized activity on card C02354-K2. 3 transaction(s) between 2016-08-14 and 2016-08-15 totaling $543.01 were confirmed fraudulent. Mixed-channel activity inconsistent with the cardholder; credentials and card data both used. Card blocked and reissued. Customer reimbursed.
CC-2432,C02354,C02354-K2,2016-08-21 19:44:38,2016-08-22 16:44:38,confirmed_fraud,account_takeover,359.41,2,false,Case CC-2432: cardholder C02354 reported unrecognized activity on card C02354-K2. 2 transaction(s) between 2016-08-20 and 2016-08-20 totaling $359.41 were confirmed fraudulent. Mixed-channel activity inconsistent with the cardholder; credentials and card data both used. Card blocked and reissued. Customer reimbursed.
CC-2589,C02354,C02354-K2,2016-08-25 13:12:26,2016-08-29 23:12:26,confirmed_fraud,out_of_region_use,96.02,2,false,"Case CC-2589: cardholder C02354 reported unrecognized activity on card C02354-K2. 2 transaction(s) between 2016-08-24 and 2016-08-24 totaling $96.02 were confirmed fraudulent. Card-present use in a billing region the cardholder had no history in, while the cardholder retained the card. Card blocked and reissued. Customer reimbursed."
CC-3085,C02354,C02354-K2,2016-09-05 12:11:49,2016-09-10 00:11:49,confirmed_fraud,account_takeover,2328.05,6,true,"Case CC-3085: cardholder C02354 reported unrecognized activity on card C02354-K2. 6 transaction(s) between 2016-09-03 and 2016-09-05 totaling $2,328.05 were confirmed fraudulent. Mixed-channel activity inconsistent with the cardholder; credentials and card data both used. Card blocked and reissued. Customer reimbursed."
CC-3537,C02354,C02354-K2,2016-09-16 03:31:31,2016-09-17 23:31:31,confirmed_fraud,out_of_region_use,275.93,2,false,"Case CC-3537: cardholder C02354 reported unrecognized activity on card C02354-K2. 2 transaction(s) between 2016-09-13 and 2016-09-14 totaling $275.93 were confirmed fraudulent. Card-present use in a billing region the cardholder had no history in, while the cardholder retained the card. Card blocked and reissued. Customer reimbursed."
CC-3634,C02354,C02354-K2,2016-09-18 06:08:17,2016-09-20 06:08:17,confirmed_fraud,account_takeover,96.96,1,false,Case CC-3634: cardholder C02354 reported unrecognized activity on card C02354-K2. 1 transaction(s) between 2016-09-17 and 2016-09-17 totaling $96.96 were confirmed fraudulent. Mixed-channel activity inconsistent with the cardholder; credentials and card data both used. Card blocked and reissued. Customer reimbursed.
CC-3899,C02354,C02354-K2,2016-09-24 18:20:06,2016-09-30 05:20:06,confirmed_fraud,account_takeover,567.93,6,false,Case CC-3899: cardholder C02354 reported unrecognized activity on card C02354-K2. 6 transaction(s) between 2016-09-21 and 2016-09-24 totaling $567.93 were confirmed fraudulent. Mixed-channel activity inconsistent with the cardholder; credentials and card data both used. Card blocked and reissued. Customer reimbursed.
CC-4070,C02354,C02354-K2,2016-09-28 08:19:32,2016-10-03 14:19:32,confirmed_fraud,account_takeover,2064.03,3,true,"Case CC-4070: cardholder C02354 reported unrecognized activity on card C02354-K2. 3 transaction(s) between 2016-09-26 and 2016-09-27 totaling $2,064.03 were confirmed fraudulent. Mixed-channel activity inconsistent with the cardholder; credentials and card data both used. Card blocked and reissued. Customer reimbursed."
CC-4436,C02354,C02354-K2,2016-10-06 05:49:05,2016-10-07 00:49:05,confirmed_fraud,out_of_region_use,2610.53,11,true,"Case CC-4436: cardholder C02354 reported unrecognized activity on card C02354-K2. 11 transaction(s) between 2016-09-29 and 2016-10-05 totaling $2,610.53 were confirmed fraudulent. Card-present use in a billing region the cardholder had no history in, while the cardholder retained the card. Card blocked and reissued. Customer reimbursed."
CC-4721,C02354,C02354-K2,2016-10-11 22:12:18,2016-10-16 18:12:18,confirmed_fraud,out_of_region_use,1386.57,10,true,"Case CC-4721: cardholder C02354 reported unrecognized activity on card C02354-K2. 10 transaction(s) between 2016-10-07 and 2016-10-10 totaling $1,386.57 were confirmed fraudulent. Card-present use in a billing region the cardholder had no history in, while the cardholder retained the card. Card blocked and reissued. Customer reimbursed."
CC-4942,C02354,C02354-K2,2016-10-17 13:58:18,2016-10-22 16:58:18,confirmed_fraud,out_of_region_use,1094.94,5,true,"Case CC-4942: cardholder C02354 reported unrecognized activity on card C02354-K2. 5 transaction(s) between 2016-10-14 and 2016-10-16 totaling $1,094.94 were confirmed fraudulent. Card-present use in a billing region the cardholder had no history in, while the cardholder retained the card. Card blocked and reissued. Customer reimbursed."
CC-5441,C02354,C02354-K2,2016-10-29 16:31:52,2016-11-01 00:31:52,confirmed_fraud,out_of_region_use,2698.02,19,true,"Case CC-5441: cardholder C02354 reported unrecognized activity on card C02354-K2. 19 transaction(s) between 2016-10-18 and 2016-10-29 totaling $2,698.02 were confirmed fraudulent. Card-present use in a billing region the cardholder had no history in, while the cardholder retained the card. Card blocked and reissued. Customer reimbursed."
CC-5558,C02354,C02354-K2,2016-11-01 12:12:15,2016-11-06 23:12:15,confirmed_fraud,card_not_present_fraud,8.2,1,false,Case CC-5558: cardholder C02354 reported unrecognized activity on card C02354-K2. 1 transaction(s) between 2016-10-31 and 2016-10-31 totaling $8.20 were confirmed fraudulent. Online purchases inconsistent with the cardholder's usual merchants and amounts. Card blocked and reissued. Customer reimbursed.
CC-2400,C02923,C02923-K1,2016-08-20 20:57:31,2016-08-25 16:57:31,confirmed_fraud,account_takeover,350.99,3,false,Case CC-2400: cardholder C02923 reported unrecognized activity on card C02923-K1. 3 transaction(s) between 2016-08-18 and 2016-08-19 totaling $350.99 were confirmed fraudulent. Mixed-channel activity inconsistent with the cardholder; credentials and card data both used. Card blocked and reissued. Customer reimbursed.
CC-2717,C02923,C02923-K1,2016-08-28 16:04:23,2016-09-02 19:04:23,confirmed_fraud,account_takeover,896.08,6,false,Case CC-2717: cardholder C02923 reported unrecognized activity on card C02923-K1. 6 transaction(s) between 2016-08-25 and 2016-08-27 totaling $896.08 were confirmed fraudulent. Mixed-channel activity inconsistent with the cardholder; credentials and card data both used. Online transactions came from a Windows on edge 15.0. Card blocked and reissued. Customer reimbursed.
CC-2857,C02923,C02923-K1,2016-09-01 00:18:13,2016-09-05 22:18:13,confirmed_fraud,account_takeover,539.97,2,false,Case CC-2857: cardholder C02923 reported unrecognized activity on card C02923-K1. 2 transaction(s) between 2016-08-30 and 2016-08-30 totaling $539.97 were confirmed fraudulent. Mixed-channel activity inconsistent with the cardholder; credentials and card data both used. Card blocked and reissued. Customer reimbursed.
CC-0615,C03042,C03042-K1,2016-07-16 19:03:49,2016-07-21 00:03:49,confirmed_fraud,card_not_present_new_device,174.99,1,false,"Case CC-0615: cardholder C03042 reported unrecognized activity on card C03042-K1. 1 transaction(s) between 2016-07-16 and 2016-07-16 totaling $174.99 were confirmed fraudulent. Online purchases from a device not previously seen on this account, inconsistent with the cardholder's history. Online transactions came from a iOS Device on mobile safari 11.0. Card blocked and reissued. Customer reimbursed."
CC-1313,C03042,C03042-K1,2016-07-28 00:03:51,2016-07-28 22:03:51,cleared,none,0.0,1,false,Case CC-1313: model scored a $100.08 transaction at 0.87. Cardholder confirmed travel to the billing region in question. Alert cleared.
CC-3886,C03042,C03042-K1,2016-09-24 10:19:55,2016-09-27 07:19:55,confirmed_fraud,card_not_present_new_device,175.05,1,false,"Case CC-3886: cardholder C03042 reported unrecognized activity on card C03042-K1. 1 transaction(s) between 2016-09-23 and 2016-09-23 totaling $175.05 were confirmed fraudulent. Online purchases from a device not previously seen on this account, inconsistent with the cardholder's history. Online transactions came from a iOS Device on mobile safari generic. Card blocked and reissued. Customer reimbursed."
CC-1383,C04570,C04570-K1,2016-07-29 01:30:41,2016-08-01 00:30:41,cleared,none,0.0,1,false,Case CC-1383: model scored a $99.98 transaction at 0.91. Cardholder confirmed travel to the billing region in question. Alert cleared.
CC-0003,C05876,C05876-K2,2016-07-02 16:34:01,2016-07-05 13:34:01,cleared,none,0.0,1,false,Case CC-0003: model scored a $442.92 transaction at 0.91. Cardholder confirmed travel to the billing region in question. Alert cleared.
CC-2370,C05876,C05876-K2,2016-08-20 03:47:41,2016-08-22 20:47:41,confirmed_fraud,card_not_present_fraud,149.99,2,false,Case CC-2370: cardholder C05876 reported unrecognized activity on card C05876-K2. 2 transaction(s) between 2016-08-19 and 2016-08-19 totaling $149.99 were confirmed fraudulent. Online purchases inconsistent with the cardholder's usual merchants and amounts. Online transactions came from a rv:11.0 on ie 11.0 for desktop. Card blocked and reissued. Customer reimbursed.
CC-1475,C07671,C07671-K2,2016-07-31 00:50:27,2016-08-01 20:50:27,confirmed_fraud,account_takeover,1307.98,10,true,"Case CC-1475: cardholder C07671 reported unrecognized activity on card C07671-K2. 10 transaction(s) between 2016-07-26 and 2016-07-29 totaling $1,307.98 were confirmed fraudulent. Mixed-channel activity inconsistent with the cardholder; credentials and card data both used. Card blocked and reissued. Customer reimbursed."
CC-3216,C07671,C07671-K2,2016-09-08 12:21:18,2016-09-12 01:21:18,confirmed_fraud,card_not_present_new_device,449.97,3,false,"Case CC-3216: cardholder C07671 reported unrecognized activity on card C07671-K2. 3 transaction(s) between 2016-09-08 and 2016-09-08 totaling $449.97 were confirmed fraudulent. Online purchases from a device not previously seen on this account, inconsistent with the cardholder's history. Online transactions came from a iOS Device on mobile safari generic. Card blocked and reissued. Customer reimbursed."
CC-3761,C07671,C07671-K2,2016-09-21 02:32:39,2016-09-22 00:32:39,cleared,none,0.0,1,false,"Case CC-3761: model scored a $3,891.01 transaction at 0.89. Cardholder confirmed the purchase. Amount unusual for this customer but consistent with their stated intent. Alert cleared."
CC-4294,C07671,C07671-K2,2016-10-03 08:02:00,2016-10-08 22:02:00,confirmed_fraud,account_takeover,506.01,2,false,Case CC-4294: cardholder C07671 reported unrecognized activity on card C07671-K2. 2 transaction(s) between 2016-10-01 and 2016-10-02 totaling $506.01 were confirmed fraudulent. Mixed-channel activity inconsistent with the cardholder; credentials and card data both used. Card blocked and reissued. Customer reimbursed.
CC-2011,C07987,C07987-K2,2016-08-12 03:59:36,2016-08-17 22:59:36,confirmed_fraud,out_of_region_use,3059.89,5,true,"Case CC-2011: cardholder C07987 reported unrecognized activity on card C07987-K2. 5 transaction(s) between 2016-08-10 and 2016-08-11 totaling $3,059.89 were confirmed fraudulent. Card-present use in a billing region the cardholder had no history in, while the cardholder retained the card. Card blocked and reissued. Customer reimbursed."
CC-2087,C07987,C07987-K2,2016-08-14 00:38:57,2016-08-16 18:38:57,cleared,none,0.0,1,false,Case CC-2087: model scored a $150.00 transaction at 0.94. Cardholder confirmed travel to the billing region in question. Alert cleared.
CC-2860,C07987,C07987-K2,2016-09-01 00:34:41,2016-09-02 14:34:41,confirmed_fraud,card_not_present_fraud,149.92,1,false,Case CC-2860: cardholder C07987 reported unrecognized activity on card C07987-K2. 1 transaction(s) between 2016-08-31 and 2016-08-31 totaling $149.92 were confirmed fraudulent. Online purchases inconsistent with the cardholder's usual merchants and amounts. Online transactions came from a rv:57.0 on firefox 57.0. Card blocked and reissued. Customer reimbursed.
CC-5026,C07987,C07987-K2,2016-10-19 12:21:43,2016-10-20 18:21:43,confirmed_fraud,out_of_region_use,309.86,3,false,"Case CC-5026: cardholder C07987 reported unrecognized activity on card C07987-K2. 3 transaction(s) between 2016-10-18 and 2016-10-18 totaling $309.86 were confirmed fraudulent. Card-present use in a billing region the cardholder had no history in, while the cardholder retained the card. Card blocked and reissued. Customer reimbursed."
CC-0696,C08106,C08106-K1,2016-07-18 05:30:15,2016-07-19 00:30:15,cleared,none,0.0,1,false,Case CC-0696: model scored a $13.68 transaction at 0.83. Cardholder confirmed travel to the billing region in question. Alert cleared.
CC-1736,C08106,C08106-K1,2016-08-06 00:08:22,2016-08-07 20:08:22,confirmed_fraud,card_not_present_fraud,9.9,1,false,Case CC-1736: cardholder C08106 reported unrecognized activity on card C08106-K1. 1 transaction(s) between 2016-08-05 and 2016-08-05 totaling $9.90 were confirmed fraudulent. Online purchases inconsistent with the cardholder's usual merchants and amounts. Online transactions came from a Windows on chrome 63.0. Card blocked and reissued. Customer reimbursed.
CC-2121,C08106,C08106-K1,2016-08-14 20:40:42,2016-08-16 01:40:42,confirmed_fraud,card_not_present_fraud,102.68,1,false,Case CC-2121: cardholder C08106 reported unrecognized activity on card C08106-K1. 1 transaction(s) between 2016-08-14 and 2016-08-14 totaling $102.68 were confirmed fraudulent. Online purchases inconsistent with the cardholder's usual merchants and amounts. Card blocked and reissued. Customer reimbursed.
CC-3778,C08106,C08106-K1,2016-09-21 09:52:21,2016-09-25 23:52:21,confirmed_fraud,card_not_present_fraud,58.42,1,false,Case CC-3778: cardholder C08106 reported unrecognized activity on card C08106-K1. 1 transaction(s) between 2016-09-20 and 2016-09-20 totaling $58.42 were confirmed fraudulent. Online purchases inconsistent with the cardholder's usual merchants and amounts. Card blocked and reissued. Customer reimbursed.
CC-1589,C08623,C08623-K2,2016-08-03 00:37:36,2016-08-05 21:37:36,cleared,none,0.0,1,false,Case CC-1589: model scored a $99.91 transaction at 0.94. Cardholder confirmed travel to the billing region in question. Alert cleared.
CC-2817,C08623,C08623-K2,2016-08-31 03:17:33,2016-09-03 20:17:33,confirmed_fraud,out_of_region_use,38.96,1,false,"Case CC-2817: cardholder C08623 reported unrecognized activity on card C08623-K2. 1 transaction(s) between 2016-08-30 and 2016-08-30 totaling $38.96 were confirmed fraudulent. Card-present use in a billing region the cardholder had no history in, while the cardholder retained the card. Card blocked and reissued. Customer reimbursed."
CC-2935,C08623,C08623-K2,2016-09-02 08:49:06,2016-09-04 05:49:06,confirmed_fraud,out_of_region_use,238.0,2,false,"Case CC-2935: cardholder C08623 reported unrecognized activity on card C08623-K2. 2 transaction(s) between 2016-09-02 and 2016-09-02 totaling $238.00 were confirmed fraudulent. Card-present use in a billing region the cardholder had no history in, while the cardholder retained the card. Card blocked and reissued. Customer reimbursed."
CC-3327,C08623,C08623-K2,2016-09-11 01:49:57,2016-09-13 04:49:57,confirmed_fraud,account_takeover,528.69,3,false,Case CC-3327: cardholder C08623 reported unrecognized activity on card C08623-K2. 3 transaction(s) between 2016-09-09 and 2016-09-10 totaling $528.69 were confirmed fraudulent. Mixed-channel activity inconsistent with the cardholder; credentials and card data both used. Online transactions came from a SAMSUNG SM-S727VL Build/MMB29M on samsung browser 6.2. Card blocked and reissued. Customer reimbursed.
CC-3682,C08623,C08623-K2,2016-09-19 08:55:46,2016-09-24 03:55:46,confirmed_fraud,out_of_region_use,300.51,2,false,"Case CC-3682: cardholder C08623 reported unrecognized activity on card C08623-K2. 2 transaction(s) between 2016-09-17 and 2016-09-19 totaling $300.51 were confirmed fraudulent. Card-present use in a billing region the cardholder had no history in, while the cardholder retained the card. Card blocked and reissued. Customer reimbursed."
CC-4957,C08623,C08623-K2,2016-10-18 00:16:26,2016-10-22 22:16:26,confirmed_fraud,out_of_region_use,48.02,1,false,"Case CC-4957: cardholder C08623 reported unrecognized activity on card C08623-K2. 1 transaction(s) between 2016-10-16 and 2016-10-16 totaling $48.02 were confirmed fraudulent. Card-present use in a billing region the cardholder had no history in, while the cardholder retained the card. Card blocked and reissued. Customer reimbursed."
CC-0104,C09933,C09933-K2,2016-07-05 15:32:11,2016-07-08 15:32:11,confirmed_fraud,out_of_region_use,92.02,1,false,"Case CC-0104: cardholder C09933 reported unrecognized activity on card C09933-K2. 1 transaction(s) between 2016-07-04 and 2016-07-04 totaling $92.02 were confirmed fraudulent. Card-present use in a billing region the cardholder had no history in, while the cardholder retained the card. Card blocked and reissued. Customer reimbursed."
CC-0657,C09933,C09933-K2,2016-07-17 08:58:08,2016-07-20 02:58:08,cleared,none,0.0,1,false,"Case CC-0657: model scored a $1,769.94 transaction at 0.90. Cardholder confirmed the purchase. Amount unusual for this customer but consistent with their stated intent. Alert cleared."
CC-0765,C09933,C09933-K2,2016-07-19 14:13:43,2016-07-24 19:13:43,confirmed_fraud,out_of_region_use,1664.54,13,true,"Case CC-0765: cardholder C09933 reported unrecognized activity on card C09933-K2. 13 transaction(s) between 2016-07-12 and 2016-07-18 totaling $1,664.54 were confirmed fraudulent. Card-present use in a billing region the cardholder had no history in, while the cardholder retained the card. Card blocked and reissued. Customer reimbursed."
CC-1228,C09933,C09933-K2,2016-07-26 15:26:52,2016-07-28 17:26:52,confirmed_fraud,account_takeover,1112.65,10,true,"Case CC-1228: cardholder C09933 reported unrecognized activity on card C09933-K2. 10 transaction(s) between 2016-07-20 and 2016-07-25 totaling $1,112.65 were confirmed fraudulent. Mixed-channel activity inconsistent with the cardholder; credentials and card data both used. Card blocked and reissued. Customer reimbursed."
CC-1524,C09933,C09933-K2,2016-08-01 05:19:36,2016-08-05 01:19:36,confirmed_fraud,account_takeover,3532.83,14,true,"Case CC-1524: cardholder C09933 reported unrecognized activity on card C09933-K2. 14 transaction(s) between 2016-07-28 and 2016-08-01 totaling $3,532.83 were confirmed fraudulent. Mixed-channel activity inconsistent with the cardholder; credentials and card data both used. Card blocked and reissued. Customer reimbursed."
CC-1682,C09933,C09933-K2,2016-08-04 22:32:03,2016-08-06 20:32:03,confirmed_fraud,out_of_region_use,206.01,1,false,"Case CC-1682: cardholder C09933 reported unrecognized activity on card C09933-K2. 1 transaction(s) between 2016-08-04 and 2016-08-04 totaling $206.01 were confirmed fraudulent. Card-present use in a billing region the cardholder had no history in, while the cardholder retained the card. Card blocked and reissued. Customer reimbursed."
CC-2565,C09933,C09933-K2,2016-08-24 23:06:30,2016-08-28 21:06:30,confirmed_fraud,out_of_region_use,513.8,6,false,"Case CC-2565: cardholder C09933 reported unrecognized activity on card C09933-K2. 6 transaction(s) between 2016-08-20 and 2016-08-23 totaling $513.80 were confirmed fraudulent. Card-present use in a billing region the cardholder had no history in, while the cardholder retained the card. Card blocked and reissued. Customer reimbursed."
CC-2834,C09933,C09933-K2,2016-08-31 11:53:37,2016-09-03 18:53:37,confirmed_fraud,account_takeover,387.92,4,false,Case CC-2834: cardholder C09933 reported unrecognized activity on card C09933-K2. 4 transaction(s) between 2016-08-28 and 2016-08-30 totaling $387.92 were confirmed fraudulent. Mixed-channel activity inconsistent with the cardholder; credentials and card data both used. Card blocked and reissued. Customer reimbursed.
CC-2986,C09933,C09933-K2,2016-09-03 11:18:11,2016-09-05 01:18:11,confirmed_fraud,out_of_region_use,210.02,1,false,"Case CC-2986: cardholder C09933 reported unrecognized activity on card C09933-K2. 1 transaction(s) between 2016-09-03 and 2016-09-03 totaling $210.02 were confirmed fraudulent. Card-present use in a billing region the cardholder had no history in, while the cardholder retained the card. Card blocked and reissued. Customer reimbursed."
CC-3136,C09933,C09933-K2,2016-09-06 17:41:27,2016-09-08 02:41:27,confirmed_fraud,account_takeover,73.99,1,false,Case CC-3136: cardholder C09933 reported unrecognized activity on card C09933-K2. 1 transaction(s) between 2016-09-06 and 2016-09-06 totaling $73.99 were confirmed fraudulent. Mixed-channel activity inconsistent with the cardholder; credentials and card data both used. Card blocked and reissued. Customer reimbursed.
CC-3439,C09933,C09933-K2,2016-09-13 20:39:39,2016-09-16 00:39:39,confirmed_fraud,out_of_region_use,454.82,3,false,"Case CC-3439: cardholder C09933 reported unrecognized activity on card C09933-K2. 3 transaction(s) between 2016-09-10 and 2016-09-13 totaling $454.82 were confirmed fraudulent. Card-present use in a billing region the cardholder had no history in, while the cardholder retained the card. Card blocked and reissued. Customer reimbursed."
CC-3821,C09933,C09933-K2,2016-09-22 11:28:04,2016-09-27 23:28:04,confirmed_fraud,out_of_region_use,1137.05,6,true,"Case CC-3821: cardholder C09933 reported unrecognized activity on card C09933-K2. 6 transaction(s) between 2016-09-17 and 2016-09-21 totaling $1,137.05 were confirmed fraudulent. Card-present use in a billing region the cardholder had no history in, while the cardholder retained the card. Card blocked and reissued. Customer reimbursed."
CC-4196,C09933,C09933-K2,2016-10-01 01:34:51,2016-10-05 20:34:51,confirmed_fraud,out_of_region_use,546.94,4,false,"Case CC-4196: cardholder C09933 reported unrecognized activity on card C09933-K2. 4 transaction(s) between 2016-09-27 and 2016-09-29 totaling $546.94 were confirmed fraudulent. Card-present use in a billing region the cardholder had no history in, while the cardholder retained the card. Card blocked and reissued. Customer reimbursed."
CC-4277,C09933,C09933-K2,2016-10-03 00:39:11,2016-10-07 14:39:11,confirmed_fraud,out_of_region_use,209.86,1,false,"Case CC-4277: cardholder C09933 reported unrecognized activity on card C09933-K2. 1 transaction(s) between 2016-10-02 and 2016-10-02 totaling $209.86 were confirmed fraudulent. Card-present use in a billing region the cardholder had no history in, while the cardholder retained the card. Card blocked and reissued. Customer reimbursed."
CC-4455,C09933,C09933-K2,2016-10-06 14:46:42,2016-10-10 17:46:42,confirmed_fraud,account_takeover,234.84,3,false,Case CC-4455: cardholder C09933 reported unrecognized activity on card C09933-K2. 3 transaction(s) between 2016-10-04 and 2016-10-05 totaling $234.84 were confirmed fraudulent. Mixed-channel activity inconsistent with the cardholder; credentials and card data both used. Card blocked and reissued. Customer reimbursed.
CC-4597,C09933,C09933-K2,2016-10-09 10:42:26,2016-10-15 00:42:26,confirmed_fraud,account_takeover,68.91,1,false,Case CC-4597: cardholder C09933 reported unrecognized activity on card C09933-K2. 1 transaction(s) between 2016-10-09 and 2016-10-09 totaling $68.91 were confirmed fraudulent. Mixed-channel activity inconsistent with the cardholder; credentials and card data both used. Card blocked and reissued. Customer reimbursed.
CC-4787,C09933,C09933-K2,2016-10-13 15:55:51,2016-10-17 18:55:51,confirmed_fraud,account_takeover,804.14,4,false,Case CC-4787: cardholder C09933 reported unrecognized activity on card C09933-K2. 4 transaction(s) between 2016-10-11 and 2016-10-12 totaling $804.14 were confirmed fraudulent. Mixed-channel activity inconsistent with the cardholder; credentials and card data both used. Online transactions came from a iOS Device on mobile safari generic. Card blocked and reissued. Customer reimbursed.
CC-5092,C09933,C09933-K2,2016-10-21 03:28:03,2016-10-26 20:28:03,confirmed_fraud,out_of_region_use,215.07,3,false,"Case CC-5092: cardholder C09933 reported unrecognized activity on card C09933-K2. 3 transaction(s) between 2016-10-18 and 2016-10-20 totaling $215.07 were confirmed fraudulent. Card-present use in a billing region the cardholder had no history in, while the cardholder retained the card. Card blocked and reissued. Customer reimbursed."
CC-5521,C09933,C09933-K2,2016-10-31 13:33:09,2016-11-01 20:33:09,confirmed_fraud,account_takeover,730.52,9,false,Case CC-5521: cardholder C09933 reported unrecognized activity on card C09933-K2. 9 transaction(s) between 2016-10-24 and 2016-10-30 totaling $730.52 were confirmed fraudulent. Mixed-channel activity inconsistent with the cardholder; credentials and card data both used. Online transactions came from a iOS Device on mobile safari generic. Card blocked and reissued. Customer reimbursed.
CC-0873,C10434,C10434-K1,2016-07-21 11:56:18,2016-07-23 05:56:18,cleared,none,0.0,1,false,Case CC-0873: model scored a $50.05 transaction at 0.93. Cardholder confirmed travel to the billing region in question. Alert cleared.
CC-4160,C11891,C11891-K1,2016-09-30 08:59:51,2016-10-02 18:59:51,confirmed_fraud,card_not_present_fraud,90.54,1,false,Case CC-4160: cardholder C11891 reported unrecognized activity on card C11891-K1. 1 transaction(s) between 2016-09-29 and 2016-09-29 totaling $90.54 were confirmed fraudulent. Online purchases inconsistent with the cardholder's usual merchants and amounts. Online transactions came from a MotoE2(4G-LTE on chrome generic. Card blocked and reissued. Customer reimbursed.
CC-0031,C11923,C11923-K2,2016-07-04 01:23:36,2016-07-07 22:23:36,confirmed_fraud,card_not_present_new_device,20.36,1,false,"Case CC-0031: cardholder C11923 reported unrecognized activity on card C11923-K2. 1 transaction(s) between 2016-07-02 and 2016-07-02 totaling $20.36 were confirmed fraudulent. Online purchases from a device not previously seen on this account, inconsistent with the cardholder's history. Online transactions came from a Trident/7.0 on ie 11.0 for desktop. Card blocked and reissued. Customer reimbursed."
CC-0290,C11923,C11923-K2,2016-07-09 19:59:09,2016-07-10 23:59:09,confirmed_fraud,card_testing,144.56,8,false,"Case CC-0290: cardholder C11923 reported unrecognized activity on card C11923-K2. 8 transaction(s) between 2016-07-05 and 2016-07-08 totaling $144.56 were confirmed fraudulent. A run of very small online authorizations followed by a larger purchase, consistent with testing a stolen card number before use. Card blocked and reissued. Customer reimbursed."
CC-1056,C11923,C11923-K2,2016-07-24 02:41:55,2016-07-25 23:41:55,confirmed_fraud,card_not_present_new_device,1557.95,28,true,"Case CC-1056: cardholder C11923 reported unrecognized activity on card C11923-K2. 28 transaction(s) between 2016-07-11 and 2016-07-22 totaling $1,557.95 were confirmed fraudulent. Online purchases from a device not previously seen on this account, inconsistent with the cardholder's history. Card blocked and reissued. Customer reimbursed."
CC-2247,C11923,C11923-K2,2016-08-17 14:07:24,2016-08-21 19:07:24,confirmed_fraud,card_testing,4886.18,71,true,"Case CC-2247: cardholder C11923 reported unrecognized activity on card C11923-K2. 71 transaction(s) between 2016-07-25 and 2016-08-16 totaling $4,886.18 were confirmed fraudulent. A run of very small online authorizations followed by a larger purchase, consistent with testing a stolen card number before use. Online transactions came from a Windows on chrome 63.0. Card blocked and reissued. Customer reimbursed."
CC-2673,C11923,C11923-K2,2016-08-27 18:54:07,2016-09-02 06:54:07,confirmed_fraud,card_testing,1334.96,33,true,"Case CC-2673: cardholder C11923 reported unrecognized activity on card C11923-K2. 33 transaction(s) between 2016-08-18 and 2016-08-27 totaling $1,334.96 were confirmed fraudulent. A run of very small online authorizations followed by a larger purchase, consistent with testing a stolen card number before use. Card blocked and reissued. Customer reimbursed."
CC-2799,C11923,C11923-K2,2016-08-30 19:24:37,2016-09-02 01:24:37,confirmed_fraud,card_not_present_new_device,36.14,2,false,"Case CC-2799: cardholder C11923 reported unrecognized activity on card C11923-K2. 2 transaction(s) between 2016-08-29 and 2016-08-30 totaling $36.14 were confirmed fraudulent. Online purchases from a device not previously seen on this account, inconsistent with the cardholder's history. Online transactions came from a Windows on chrome 63.0. Card blocked and reissued. Customer reimbursed."
CC-3039,C11923,C11923-K2,2016-09-04 17:18:26,2016-09-09 01:18:26,confirmed_fraud,card_not_present_new_device,108.85,8,false,"Case CC-3039: cardholder C11923 reported unrecognized activity on card C11923-K2. 8 transaction(s) between 2016-09-02 and 2016-09-04 totaling $108.85 were confirmed fraudulent. Online purchases from a device not previously seen on this account, inconsistent with the cardholder's history. Card blocked and reissued. Customer reimbursed."
CC-3206,C11923,C11923-K2,2016-09-08 09:12:22,2016-09-13 02:12:22,confirmed_fraud,card_not_present_new_device,100.24,3,false,"Case CC-3206: cardholder C11923 reported unrecognized activity on card C11923-K2. 3 transaction(s) between 2016-09-06 and 2016-09-08 totaling $100.24 were confirmed fraudulent. Online purchases from a device not previously seen on this account, inconsistent with the cardholder's history. Online transactions came from a Windows on chrome 64.0. Card blocked and reissued. Customer reimbursed."
CC-3905,C11923,C11923-K2,2016-09-24 21:43:58,2016-09-27 19:43:58,confirmed_fraud,card_not_present_new_device,1397.53,44,true,"Case CC-3905: cardholder C11923 reported unrecognized activity on card C11923-K2. 44 transaction(s) between 2016-09-11 and 2016-09-23 totaling $1,397.53 were confirmed fraudulent. Online purchases from a device not previously seen on this account, inconsistent with the cardholder's history. Online transactions came from a SAMSUNG SM-G532M Build/MMB29T on Samsung/SM-G532M. Card blocked and reissued. Customer reimbursed."
CC-4501,C11923,C11923-K2,2016-10-07 12:05:47,2016-10-11 15:05:47,confirmed_fraud,card_testing,1508.58,28,true,"Case CC-4501: cardholder C11923 reported unrecognized activity on card C11923-K2. 28 transaction(s) between 2016-09-26 and 2016-10-06 totaling $1,508.58 were confirmed fraudulent. A run of very small online authorizations followed by a larger purchase, consistent with testing a stolen card number before use. Card blocked and reissued. Customer reimbursed."
CC-4743,C11923,C11923-K2,2016-10-12 10:17:15,2016-10-14 03:17:15,cleared,none,0.0,1,false,Case CC-4743: model scored a $32.09 transaction at 0.96. Cardholder confirmed the purchase from a new phone. Device added to profile. Alert cleared.
CC-2277,C12265,C12265-K2,2016-08-18 05:23:30,2016-08-22 16:23:30,confirmed_fraud,account_takeover,81.93,1,false,Case CC-2277: cardholder C12265 reported unrecognized activity on card C12265-K2. 1 transaction(s) between 2016-08-17 and 2016-08-17 totaling $81.93 were confirmed fraudulent. Mixed-channel activity inconsistent with the cardholder; credentials and card data both used. Card blocked and reissued. Customer reimbursed.
CC-2447,C12265,C12265-K2,2016-08-22 05:40:17,2016-08-26 16:40:17,confirmed_fraud,account_takeover,33.95,1,false,Case CC-2447: cardholder C12265 reported unrecognized activity on card C12265-K2. 1 transaction(s) between 2016-08-21 and 2016-08-21 totaling $33.95 were confirmed fraudulent. Mixed-channel activity inconsistent with the cardholder; credentials and card data both used. Card blocked and reissued. Customer reimbursed.
CC-1066,C12382,C12382-K1,2016-07-24 03:41:00,2016-07-29 18:41:00,confirmed_fraud,out_of_region_use,170.98,1,false,"Case CC-1066: cardholder C12382 reported unrecognized activity on card C12382-K1. 1 transaction(s) between 2016-07-23 and 2016-07-23 totaling $170.98 were confirmed fraudulent. Card-present use in a billing region the cardholder had no history in, while the cardholder retained the card. Card blocked and reissued. Customer reimbursed."
CC-1673,C12382,C12382-K1,2016-08-04 19:29:12,2016-08-06 00:29:12,confirmed_fraud,card_not_present_new_device,199.98,1,false,"Case CC-1673: cardholder C12382 reported unrecognized activity on card C12382-K1. 1 transaction(s) between 2016-08-04 and 2016-08-04 totaling $199.98 were confirmed fraudulent. Online purchases from a device not previously seen on this account, inconsistent with the cardholder's history. Online transactions came from a iOS Device on mobile safari 11.0. Card blocked and reissued. Customer reimbursed."
CC-2964,C12382,C12382-K1,2016-09-03 00:50:57,2016-09-05 22:50:57,confirmed_fraud,out_of_region_use,171.08,1,false,"Case CC-2964: cardholder C12382 reported unrecognized activity on card C12382-K1. 1 transaction(s) between 2016-09-01 and 2016-09-01 totaling $171.08 were confirmed fraudulent. Card-present use in a billing region the cardholder had no history in, while the cardholder retained the card. Card blocked and reissued. Customer reimbursed."
CC-3587,C12382,C12382-K1,2016-09-17 04:08:08,2016-09-21 01:08:08,confirmed_fraud,out_of_region_use,49.09,1,false,"Case CC-3587: cardholder C12382 reported unrecognized activity on card C12382-K1. 1 transaction(s) between 2016-09-16 and 2016-09-16 totaling $49.09 were confirmed fraudulent. Card-present use in a billing region the cardholder had no history in, while the cardholder retained the card. Card blocked and reissued. Customer reimbursed."
CC-0056,C13171,C13171-K2,2016-07-04 18:17:38,2016-07-06 15:17:38,confirmed_fraud,card_not_present_new_device,40.21,1,false,"Case CC-0056: cardholder C13171 reported unrecognized activity on card C13171-K2. 1 transaction(s) between 2016-07-03 and 2016-07-03 totaling $40.21 were confirmed fraudulent. Online purchases from a device not previously seen on this account, inconsistent with the cardholder's history. Card blocked and reissued. Customer reimbursed."
CC-0467,C13171,C13171-K2,2016-07-13 20:52:43,2016-07-14 15:52:43,confirmed_fraud,card_not_present_new_device,649.77,8,false,"Case CC-0467: cardholder C13171 reported unrecognized activity on card C13171-K2. 8 transaction(s) between 2016-07-06 and 2016-07-12 totaling $649.77 were confirmed fraudulent. Online purchases from a device not previously seen on this account, inconsistent with the cardholder's history. Online transactions came from a ZEIA8 on chrome 62.0 for android. Card blocked and reissued. Customer reimbursed."
CC-0772,C13171,C13171-K2,2016-07-19 16:55:19,2016-07-23 11:55:19,confirmed_fraud,card_not_present_new_device,183.27,3,false,"Case CC-0772: cardholder C13171 reported unrecognized activity on card C13171-K2. 3 transaction(s) between 2016-07-15 and 2016-07-19 totaling $183.27 were confirmed fraudulent. Online purchases from a device not previously seen on this account, inconsistent with the cardholder's history. Online transactions came from a CRO-L03 Build/HUAWEICRO-L03 on chrome 62.0 for android. Card blocked and reissued. Customer reimbursed."
CC-1293,C13171,C13171-K2,2016-07-27 18:06:16,2016-07-29 03:06:16,confirmed_fraud,card_not_present_fraud,419.34,10,false,Case CC-1293: cardholder C13171 reported unrecognized activity on card C13171-K2. 10 transaction(s) between 2016-07-22 and 2016-07-27 totaling $419.34 were confirmed fraudulent. Online purchases inconsistent with the cardholder's usual merchants and amounts. Online transactions came from a SM-A300H Build/LRX22G on chrome 63.0 for android. Card blocked and reissued. Customer reimbursed.
CC-1715,C13171,C13171-K2,2016-08-05 10:56:44,2016-08-11 03:56:44,confirmed_fraud,card_not_present_new_device,553.72,8,false,"Case CC-1715: cardholder C13171 reported unrecognized activity on card C13171-K2. 8 transaction(s) between 2016-07-29 and 2016-08-05 totaling $553.72 were confirmed fraudulent. Online purchases from a device not previously seen on this account, inconsistent with the cardholder's history. Online transactions came from a SM-A300H Build/LRX22G on chrome 63.0 for android. Card blocked and reissued. Customer reimbursed."
CC-1925,C13171,C13171-K2,2016-08-10 01:01:53,2016-08-12 19:01:53,confirmed_fraud,card_not_present_fraud,120.3,3,false,Case CC-1925: cardholder C13171 reported unrecognized activity on card C13171-K2. 3 transaction(s) between 2016-08-08 and 2016-08-08 totaling $120.30 were confirmed fraudulent. Online purchases inconsistent with the cardholder's usual merchants and amounts. Card blocked and reissued. Customer reimbursed.
CC-2059,C13171,C13171-K2,2016-08-13 10:30:46,2016-08-15 01:30:46,confirmed_fraud,card_not_present_new_device,116.95,4,false,"Case CC-2059: cardholder C13171 reported unrecognized activity on card C13171-K2. 4 transaction(s) between 2016-08-11 and 2016-08-13 totaling $116.95 were confirmed fraudulent. Online purchases from a device not previously seen on this account, inconsistent with the cardholder's history. Online transactions came from a Windows on chrome 63.0. Card blocked and reissued. Customer reimbursed."
CC-2244,C13171,C13171-K2,2016-08-17 11:58:15,2016-08-22 20:58:15,confirmed_fraud,card_not_present_new_device,110.46,1,false,"Case CC-2244: cardholder C13171 reported unrecognized activity on card C13171-K2. 1 transaction(s) between 2016-08-16 and 2016-08-16 totaling $110.46 were confirmed fraudulent. Online purchases from a device not previously seen on this account, inconsistent with the cardholder's history. Online transactions came from a SM-G925I Build/NRD90M on chrome 63.0 for android. Card blocked and reissued. Customer reimbursed."
CC-2454,C13171,C13171-K2,2016-08-22 09:15:15,2016-08-23 21:15:15,confirmed_fraud,card_not_present_fraud,86.69,3,false,Case CC-2454: cardholder C13171 reported unrecognized activity on card C13171-K2. 3 transaction(s) between 2016-08-20 and 2016-08-21 totaling $86.69 were confirmed fraudulent. Online purchases inconsistent with the cardholder's usual merchants and amounts. Online transactions came from a Moto G (5) Plus Build/NPN25.137-92 on chrome generic. Card blocked and reissued. Customer reimbursed.
CC-2716,C13171,C13171-K2,2016-08-28 15:53:02,2016-09-03 02:53:02,confirmed_fraud,card_not_present_new_device,253.69,6,false,"Case CC-2716: cardholder C13171 reported unrecognized activity on card C13171-K2. 6 transaction(s) between 2016-08-24 and 2016-08-28 totaling $253.69 were confirmed fraudulent. Online purchases from a device not previously seen on this account, inconsistent with the cardholder's history. Card blocked and reissued. Customer reimbursed."
CC-3079,C13171,C13171-K2,2016-09-05 09:25:32,2016-09-10 19:25:32,confirmed_fraud,card_not_present_new_device,847.02,14,false,"Case CC-3079: cardholder C13171 reported unrecognized activity on card C13171-K2. 14 transaction(s) between 2016-09-01 and 2016-09-04 totaling $847.02 were confirmed fraudulent. Online purchases from a device not previously seen on this account, inconsistent with the cardholder's history. Card blocked and reissued. Customer reimbursed."
CC-3422,C13171,C13171-K2,2016-09-13 08:11:47,2016-09-17 02:11:47,confirmed_fraud,card_not_present_fraud,124.24,2,false,Case CC-3422: cardholder C13171 reported unrecognized activity on card C13171-K2. 2 transaction(s) between 2016-09-13 and 2016-09-13 totaling $124.24 were confirmed fraudulent. Online purchases inconsistent with the cardholder's usual merchants and amounts. Online transactions came from a Windows on chrome 64.0. Card blocked and reissued. Customer reimbursed.
CC-3566,C13171,C13171-K2,2016-09-16 18:50:28,2016-09-20 23:50:28,confirmed_fraud,card_not_present_fraud,88.07,2,false,Case CC-3566: cardholder C13171 reported unrecognized activity on card C13171-K2. 2 transaction(s) between 2016-09-15 and 2016-09-15 totaling $88.07 were confirmed fraudulent. Online purchases inconsistent with the cardholder's usual merchants and amounts. Online transactions came from a Windows on chrome 64.0. Card blocked and reissued. Customer reimbursed.
CC-3728,C13171,C13171-K2,2016-09-20 09:24:14,2016-09-25 01:24:14,confirmed_fraud,card_not_present_fraud,113.95,3,false,Case CC-3728: cardholder C13171 reported unrecognized activity on card C13171-K2. 3 transaction(s) between 2016-09-19 and 2016-09-20 totaling $113.95 were confirmed fraudulent. Online purchases inconsistent with the cardholder's usual merchants and amounts. Online transactions came from a Mi on chrome 64.0 for android. Card blocked and reissued. Customer reimbursed.
CC-3928,C13171,C13171-K2,2016-09-25 06:58:46,2016-09-30 07:58:46,confirmed_fraud,card_not_present_new_device,165.82,4,false,"Case CC-3928: cardholder C13171 reported unrecognized activity on card C13171-K2. 4 transaction(s) between 2016-09-22 and 2016-09-24 totaling $165.82 were confirmed fraudulent. Online purchases from a device not previously seen on this account, inconsistent with the cardholder's history. Card blocked and reissued. Customer reimbursed."
CC-4163,C13171,C13171-K2,2016-09-30 09:42:15,2016-10-05 21:42:15,confirmed_fraud,card_not_present_new_device,582.46,7,false,"Case CC-4163: cardholder C13171 reported unrecognized activity on card C13171-K2. 7 transaction(s) between 2016-09-26 and 2016-09-29 totaling $582.46 were confirmed fraudulent. Online purchases from a device not previously seen on this account, inconsistent with the cardholder's history. Online transactions came from a Windows on chrome 63.0. Card blocked and reissued. Customer reimbursed."
CC-4485,C13171,C13171-K2,2016-10-07 05:02:14,2016-10-11 03:02:14,confirmed_fraud,card_not_present_new_device,105.12,3,false,"Case CC-4485: cardholder C13171 reported unrecognized activity on card C13171-K2. 3 transaction(s) between 2016-10-05 and 2016-10-06 totaling $105.12 were confirmed fraudulent. Online purchases from a device not previously seen on this account, inconsistent with the cardholder's history. Online transactions came from a BLADE V8 SE Build/NRD90M on chrome 64.0 for android. Card blocked and reissued. Customer reimbursed."
CC-4819,C13171,C13171-K2,2016-10-14 09:42:29,2016-10-15 03:42:29,cleared,none,0.0,1,false,Case CC-4819: model scored a $66.52 transaction at 0.92. Cardholder confirmed the purchase from a new phone. Device added to profile. Alert cleared.
CC-5010,C13171,C13171-K2,2016-10-19 03:56:05,2016-10-23 05:56:05,confirmed_fraud,card_not_present_new_device,629.26,17,false,"Case CC-5010: cardholder C13171 reported unrecognized activity on card C13171-K2. 17 transaction(s) between 2016-10-11 and 2016-10-18 totaling $629.26 were confirmed fraudulent. Online purchases from a device not previously seen on this account, inconsistent with the cardholder's history. Online transactions came from a SM-A300H Build/LRX22G on chrome generic. Card blocked and reissued. Customer reimbursed."
CC-0001,C00259,C00259-K1,2016-07-02 07:17:26,2016-07-06 01:17:26,confirmed_fraud,card_not_present_fraud,155.43,1,false,Case CC-0001: cardholder C00259 reported unrecognized activity on card C00259-K1. 1 transaction(s) between 2016-07-02 and 2016-07-02 totaling $155.43 were confirmed fraudulent. Online purchases inconsistent with the cardholder's usual merchants and amounts. Card blocked and reissued. Customer reimbursed.
CC-0002,C06403,C06403-K2,2016-07-02 08:51:57,2016-07-04 05:51:57,confirmed_fraud,out_of_region_use,117.05,1,false,"Case CC-0002: cardholder C06403 reported unrecognized activity on card C06403-K2. 1 transaction(s) between 2016-07-02 and 2016-07-02 totaling $117.05 were confirmed fraudulent. Card-present use in a billing region the cardholder had no history in, while the cardholder retained the card. Card blocked and reissued. Customer reimbursed."
CC-0004,C13440,C13440-K2,2016-07-02 20:05:35,2016-07-05 17:05:35,confirmed_fraud,out_of_region_use,857.92,2,false,"Case CC-0004: cardholder C13440 reported unrecognized activity on card C13440-K2. 2 transaction(s) between 2016-07-02 and 2016-07-02 totaling $857.92 were confirmed fraudulent. Card-present use in a billing region the cardholder had no history in, while the cardholder retained the card. Card blocked and reissued. Customer reimbursed."
CC-0005,C08945,C08945-K2,2016-07-02 21:10:20,2016-07-04 02:10:20,confirmed_fraud,out_of_region_use,39.92,1,false,"Case CC-0005: cardholder C08945 reported unrecognized activity on card C08945-K2. 1 transaction(s) between 2016-07-02 and 2016-07-02 totaling $39.92 were confirmed fraudulent. Card-present use in a billing region the cardholder had no history in, while the cardholder retained the card. Card blocked and reissued. Customer reimbursed."
CC-0006,C11227,C11227-K2,2016-07-02 21:21:35,2016-07-08 18:21:35,confirmed_fraud,out_of_region_use,265.07,1,false,"Case CC-0006: cardholder C11227 reported unrecognized activity on card C11227-K2. 1 transaction(s) between 2016-07-02 and 2016-07-02 totaling $265.07 were confirmed fraudulent. Card-present use in a billing region the cardholder had no history in, while the cardholder retained the card. Card blocked and reissued. Customer reimbursed."
CC-0007,C00732,C00732-K1,2016-07-03 00:45:04,2016-07-07 03:45:04,confirmed_fraud,card_not_present_fraud,99.91,1,false,Case CC-0007: cardholder C00732 reported unrecognized activity on card C00732-K1. 1 transaction(s) between 2016-07-02 and 2016-07-02 totaling $99.91 were confirmed fraudulent. Online purchases inconsistent with the cardholder's usual merchants and amounts. Online transactions came from a Trident/7.0 on ie 11.0 for desktop. Card blocked and reissued. Customer reimbursed.
CC-0008,C03667,C03667-K1,2016-07-03 00:56:48,2016-07-04 16:56:48,confirmed_fraud,account_takeover,49.04,1,false,Case CC-0008: cardholder C03667 reported unrecognized activity on card C03667-K1. 1 transaction(s) between 2016-07-02 and 2016-07-02 totaling $49.04 were confirmed fraudulent. Mixed-channel activity inconsistent with the cardholder; credentials and card data both used. Card blocked and reissued. Customer reimbursed.
CC-0009,C10112,C10112-K1,2016-07-03 05:55:45,2016-07-06 01:55:45,cleared,none,0.0,1,false,Case CC-0009: model scored a $149.98 transaction at 0.84. Cardholder confirmed the purchase from a new phone. Device added to profile. Alert cleared.
CC-0010,C03246,C03246-K1,2016-07-03 07:04:50,2016-07-04 04:04:50,cleared,none,0.0,1,false,Case CC-0010: model scored a $96.95 transaction at 0.83. Cardholder confirmed the purchase from a new phone. Device added to profile. Alert cleared.
CC-0011,C13259,C13259-K1,2016-07-03 07:46:35,2016-07-06 16:46:35,confirmed_fraud,card_not_present_new_device,149.95,1,false,"Case CC-0011: cardholder C13259 reported unrecognized activity on card C13259-K1. 1 transaction(s) between 2016-07-02 and 2016-07-02 totaling $149.95 were confirmed fraudulent. Online purchases from a device not previously seen on this account, inconsistent with the cardholder's history. Online transactions came from a SM-G550T Build/MMB29K on chrome 59.0 for android. Card blocked and reissued. Customer reimbursed."
CC-0012,C07220,C07220-K1,2016-07-03 08:40:41,2016-07-07 23:40:41,confirmed_fraud,card_not_present_fraud,123.52,1,false,Case CC-0012: cardholder C07220 reported unrecognized activity on card C07220-K1. 1 transaction(s) between 2016-07-02 and 2016-07-02 totaling $123.52 were confirmed fraudulent. Online purchases inconsistent with the cardholder's usual merchants and amounts. Card blocked and reissued. Customer reimbursed.
CC-0013,C11464,C11464-K2,2016-07-03 09:17:43,2016-07-06 06:17:43,confirmed_fraud,account_takeover,261.95,1,false,Case CC-0013: cardholder C11464 reported unrecognized activity on card C11464-K2. 1 transaction(s) between 2016-07-03 and 2016-07-03 totaling $261.95 were confirmed fraudulent. Mixed-channel activity inconsistent with the cardholder; credentials and card data both used. Card blocked and reissued. Customer reimbursed.
CC-0014,C01002,C01002-K1,2016-07-03 09:35:08,2016-07-08 23:35:08,confirmed_fraud,card_not_present_fraud,75.15,1,false,Case CC-0014: cardholder C01002 reported unrecognized activity on card C01002-K1. 1 transaction(s) between 2016-07-02 and 2016-07-02 totaling $75.15 were confirmed fraudulent. Online purchases inconsistent with the cardholder's usual merchants and amounts. Online transactions came from a Windows on chrome 62.0. Card blocked and reissued. Customer reimbursed.
CC-0015,C04597,C04597-K2,2016-07-03 11:43:21,2016-07-05 03:43:21,cleared,none,0.0,1,false,Case CC-0015: model scored a $93.80 transaction at 0.92. Cardholder confirmed the purchase from a new phone. Device added to profile. Alert cleared.
CC-0016,C03575,C03575-K2,2016-07-03 18:31:19,2016-07-04 22:31:19,confirmed_fraud,out_of_region_use,68.46,1,false,"Case CC-0016: cardholder C03575 reported unrecognized activity on card C03575-K2. 1 transaction(s) between 2016-07-02 and 2016-07-02 totaling $68.46 were confirmed fraudulent. Card-present use in a billing region the cardholder had no history in, while the cardholder retained the card. Card blocked and reissued. Customer reimbursed."
CC-0017,C03651,C03651-K2,2016-07-03 18:52:00,2016-07-04 12:52:00,cleared,none,0.0,1,false,Case CC-0017: model scored a $149.97 transaction at 0.88. Cardholder confirmed the purchase from a new phone. Device added to profile. Alert cleared.
CC-0018,C06800,C06800-K1,2016-07-03 19:37:07,2016-07-04 20:37:07,confirmed_fraud,card_not_present_new_device,150.07,1,false,"Case CC-0018: cardholder C06800 reported unrecognized activity on card C06800-K1. 1 transaction(s) between 2016-07-02 and 2016-07-02 totaling $150.07 were confirmed fraudulent. Online purchases from a device not previously seen on this account, inconsistent with the cardholder's history. Online transactions came from a iOS Device on mobile safari 11.0. Card blocked and reissued. Customer reimbursed."
CC-0019,C06208,C06208-K1,2016-07-03 21:52:10,2016-07-05 01:52:10,confirmed_fraud,card_not_present_new_device,225.09,1,false,"Case CC-0019: cardholder C06208 reported unrecognized activity on card C06208-K1. 1 transaction(s) between 2016-07-03 and 2016-07-03 totaling $225.09 were confirmed fraudulent. Online purchases from a device not previously seen on this account, inconsistent with the cardholder's history. Online transactions came from a rv:52.0 on firefox. Card blocked and reissued. Customer reimbursed."
CC-0020,C11082,C11082-K1,2016-07-03 21:54:56,2016-07-09 16:54:56,confirmed_fraud,account_takeover,433.91,4,false,Case CC-0020: cardholder C11082 reported unrecognized activity on card C11082-K1. 4 transaction(s) between 2016-07-02 and 2016-07-03 totaling $433.91 were confirmed fraudulent. Mixed-channel activity inconsistent with the cardholder; credentials and card data both used. Card blocked and reissued. Customer reimbursed.
CC-0021,C04265,C04265-K1,2016-07-03 22:08:36,2016-07-05 16:08:36,cleared,none,0.0,1,false,Case CC-0021: model scored a $50.09 transaction at 0.86. Cardholder confirmed travel to the billing region in question. Alert cleared.
CC-0022,C07847,C07847-K2,2016-07-03 22:54:31,2016-07-04 20:54:31,confirmed_fraud,card_not_present_fraud,100.04,1,false,Case CC-0022: cardholder C07847 reported unrecognized activity on card C07847-K2. 1 transaction(s) between 2016-07-02 and 2016-07-02 totaling $100.04 were confirmed fraudulent. Online purchases inconsistent with the cardholder's usual merchants and amounts. Online transactions came from a Windows on firefox 57.0. Card blocked and reissued. Customer reimbursed.
CC-0023,C11309,C11309-K1,2016-07-03 23:05:27,2016-07-05 18:05:27,cleared,none,0.0,1,false,Case CC-0023: model scored a $24.91 transaction at 0.94. Cardholder confirmed travel to the billing region in question. Alert cleared.
CC-0024,C06059,C06059-K2,2016-07-03 23:13:51,2016-07-08 15:13:51,confirmed_fraud,account_takeover,1894.06,2,true,"Case CC-0024: cardholder C06059 reported unrecognized activity on card C06059-K2. 2 transaction(s) between 2016-07-03 and 2016-07-03 totaling $1,894.06 were confirmed fraudulent. Mixed-channel activity inconsistent with the cardholder; credentials and card data both used. Card blocked and reissued. Customer reimbursed."
CC-0025,C12311,C12311-K2,2016-07-03 23:24:56,2016-07-05 15:24:56,confirmed_fraud,account_takeover,100.0,1,false,Case CC-0025: cardholder C12311 reported unrecognized activity on card C12311-K2. 1 transaction(s) between 2016-07-03 and 2016-07-03 totaling $100.00 were confirmed fraudulent. Mixed-channel activity inconsistent with the cardholder; credentials and card data both used. Card blocked and reissued. Customer reimbursed.
CC-0026,C08842,C08842-K2,2016-07-03 23:36:27,2016-07-05 18:36:27,cleared,none,0.0,1,false,Case CC-0026: model scored a $200.07 transaction at 0.99. Cardholder confirmed travel to the billing region in question. Alert cleared.
CC-0027,C02999,C02999-K2,2016-07-04 00:21:14,2016-07-05 16:21:14,confirmed_fraud,account_takeover,59.06,1,false,Case CC-0027: cardholder C02999 reported unrecognized activity on card C02999-K2. 1 transaction(s) between 2016-07-03 and 2016-07-03 totaling $59.06 were confirmed fraudulent. Mixed-channel activity inconsistent with the cardholder; credentials and card data both used. Card blocked and reissued. Customer reimbursed.
CC-0028,C07741,C07741-K2,2016-07-04 00:40:19,2016-07-07 15:40:19,confirmed_fraud,card_not_present_fraud,250.04,1,false,Case CC-0028: cardholder C07741 reported unrecognized activity on card C07741-K2. 1 transaction(s) between 2016-07-03 and 2016-07-03 totaling $250.04 were confirmed fraudulent. Online purchases inconsistent with the cardholder's usual merchants and amounts. Online transactions came from a SAMSUNG SM-J327T Build/NRD90M on samsung browser 6.2. Card blocked and reissued. Customer reimbursed.
CC-0029,C03277,C03277-K1,2016-07-04 00:43:03,2016-07-06 00:43:03,confirmed_fraud,card_not_present_new_device,600.08,3,false,"Case CC-0029: cardholder C03277 reported unrecognized activity on card C03277-K1. 3 transaction(s) between 2016-07-02 and 2016-07-03 totaling $600.08 were confirmed fraudulent. Online purchases from a device not previously seen on this account, inconsistent with the cardholder's history. Online transactions came from a MacOS on safari generic. Card blocked and reissued. Customer reimbursed."
CC-0030,C04762,C04762-K1,2016-07-04 00:57:01,2016-07-07 16:57:01,confirmed_fraud,out_of_region_use,59.01,1,false,"Case CC-0030: cardholder C04762 reported unrecognized activity on card C04762-K1. 1 transaction(s) between 2016-07-03 and 2016-07-03 totaling $59.01 were confirmed fraudulent. Card-present use in a billing region the cardholder had no history in, while the cardholder retained the card. Card blocked and reissued. Customer reimbursed."
CC-0032,C09289,C09289-K1,2016-07-04 02:02:25,2016-07-05 22:02:25,cleared,none,0.0,1,false,Case CC-0032: model scored a $100.01 transaction at 0.85. Cardholder confirmed travel to the billing region in question. Alert cleared.
CC-0033,C05704,C05704-K2,2016-07-04 02:32:22,2016-07-08 23:32:22,confirmed_fraud,account_takeover,374.83,3,false,Case CC-0033: cardholder C05704 reported unrecognized activity on card C05704-K2. 3 transaction(s) between 2016-07-02 and 2016-07-02 totaling $374.83 were confirmed fraudulent. Mixed-channel activity inconsistent with the cardholder; credentials and card data both used. Online transactions came from a iOS Device on mobile safari 11.0. Card blocked and reissued. Customer reimbursed.
CC-0034,C03880,C03880-K1,2016-07-04 02:48:44,2016-07-05 00:48:44,cleared,none,0.0,1,false,"Case CC-0034: model scored a $1,486.49 transaction at 0.89. Cardholder confirmed the purchase. Amount unusual for this customer but consistent with their stated intent. Alert cleared."
CC-0035,C09196,C09196-K1,2016-07-04 03:40:55,2016-07-08 20:40:55,confirmed_fraud,card_not_present_fraud,150.05,1,false,Case CC-0035: cardholder C09196 reported unrecognized activity on card C09196-K1. 1 transaction(s) between 2016-07-03 and 2016-07-03 totaling $150.05 were confirmed fraudulent. Online purchases inconsistent with the cardholder's usual merchants and amounts. Online transactions came from a iOS Device on mobile safari 11.0. Card blocked and reissued. Customer reimbursed.
CC-0036,C03738,C03738-K2,2016-07-04 04:15:53,2016-07-06 14:15:53,confirmed_fraud,account_takeover,137.01,1,false,Case CC-0036: cardholder C03738 reported unrecognized activity on card C03738-K2. 1 transaction(s) between 2016-07-03 and 2016-07-03 totaling $137.01 were confirmed fraudulent. Mixed-channel activity inconsistent with the cardholder; credentials and card data both used. Card blocked and reissued. Customer reimbursed.
CC-0037,C05996,C05996-K1,2016-07-04 04:29:21,2016-07-07 03:29:21,cleared,none,0.0,1,false,Case CC-0037: model scored a $31.38 transaction at 0.84. Cardholder confirmed travel to the billing region in question. Alert cleared.
CC-0038,C02717,C02717-K1,2016-07-04 05:10:48,2016-07-07 02:10:48,cleared,none,0.0,1,false,Case CC-0038: model scored a $200.01 transaction at 0.86. Cardholder confirmed the purchase from a new phone. Device added to profile. Alert cleared.
CC-0039,C13061,C13061-K1,2016-07-04 05:52:18,2016-07-08 19:52:18,confirmed_fraud,account_takeover,170.93,1,false,Case CC-0039: cardholder C13061 reported unrecognized activity on card C13061-K1. 1 transaction(s) between 2016-07-03 and 2016-07-03 totaling $170.93 were confirmed fraudulent. Mixed-channel activity inconsistent with the cardholder; credentials and card data both used. Card blocked and reissued. Customer reimbursed.
CC-0040,C08675,C08675-K1,2016-07-04 06:10:07,2016-07-05 03:10:07,cleared,none,0.0,1,false,Case CC-0040: model scored a $49.97 transaction at 0.90. Cardholder confirmed the purchase from a new phone. Device added to profile. Alert cleared.
CC-0041,C07648,C07648-K2,2016-07-04 06:39:11,2016-07-07 16:39:11,confirmed_fraud,out_of_region_use,75.03,1,false,"Case CC-0041: cardholder C07648 reported unrecognized activity on card C07648-K2. 1 transaction(s) between 2016-07-03 and 2016-07-03 totaling $75.03 were confirmed fraudulent. Card-present use in a billing region the cardholder had no history in, while the cardholder retained the card. Card blocked and reissued. Customer reimbursed."
CC-0042,C12094,C12094-K2,2016-07-04 07:37:59,2016-07-05 02:37:59,cleared,none,0.0,1,false,Case CC-0042: model scored a $49.95 transaction at 0.91. Cardholder confirmed travel to the billing region in question. Alert cleared.
CC-0043,C10164,C10164-K1,2016-07-04 08:03:02,2016-07-09 07:03:02,confirmed_fraud,out_of_region_use,87.01,1,false,"Case CC-0043: cardholder C10164 reported unrecognized activity on card C10164-K1. 1 transaction(s) between 2016-07-03 and 2016-07-03 totaling $87.01 were confirmed fraudulent. Card-present use in a billing region the cardholder had no history in, while the cardholder retained the card. Card blocked and reissued. Customer reimbursed."
CC-0044,C06147,C06147-K2,2016-07-04 09:49:26,2016-07-05 22:49:26,confirmed_fraud,out_of_region_use,13.33,1,false,"Case CC-0044: cardholder C06147 reported unrecognized activity on card C06147-K2. 1 transaction(s) between 2016-07-03 and 2016-07-03 totaling $13.33 were confirmed fraudulent. Card-present use in a billing region the cardholder had no history in, while the cardholder retained the card. Card blocked and reissued. Customer reimbursed."
CC-0045,C07212,C07212-K2,2016-07-04 10:11:50,2016-07-05 22:11:50,confirmed_fraud,out_of_region_use,1282.82,4,true,"Case CC-0045: cardholder C07212 reported unrecognized activity on card C07212-K2. 4 transaction(s) between 2016-07-02 and 2016-07-03 totaling $1,282.82 were confirmed fraudulent. Card-present use in a billing region the cardholder had no history in, while the cardholder retained the card. Card blocked and reissued. Customer reimbursed."
CC-0046,C01579,C01579-K1,2016-07-04 10:37:34,2016-07-08 04:37:34,confirmed_fraud,card_not_present_new_device,10.04,1,false,"Case CC-0046: cardholder C01579 reported unrecognized activity on card C01579-K1. 1 transaction(s) between 2016-07-03 and 2016-07-03 totaling $10.04 were confirmed fraudulent. Online purchases from a device not previously seen on this account, inconsistent with the cardholder's history. Online transactions came from a KFFOWI Build/LVY48F on chrome generic. Card blocked and reissued. Customer reimbursed."
CC-0047,C03108,C03108-K1,2016-07-04 11:05:08,2016-07-08 20:05:08,confirmed_fraud,card_not_present_fraud,50.05,5,false,Case CC-0047: cardholder C03108 reported unrecognized activity on card C03108-K1. 5 transaction(s) between 2016-07-03 and 2016-07-03 totaling $50.05 were confirmed fraudulent. Online purchases inconsistent with the cardholder's usual merchants and amounts. Online transactions came from a KFFOWI Build/LVY48F on chrome generic. Card blocked and reissued. Customer reimbursed.
CC-0048,C11309,C11309-K1,2016-07-04 11:15:59,2016-07-06 03:15:59,confirmed_fraud,card_not_present_fraud,149.96,1,false,Case CC-0048: cardholder C11309 reported unrecognized activity on card C11309-K1. 1 transaction(s) between 2016-07-04 and 2016-07-04 totaling $149.96 were confirmed fraudulent. Online purchases inconsistent with the cardholder's usual merchants and amounts. Online transactions came from a iOS Device on mobile safari 9.0. Card blocked and reissued. Customer reimbursed.
CC-0049,C01638,C01638-K1,2016-07-04 11:25:48,2016-07-07 20:25:48,confirmed_fraud,card_not_present_fraud,399.95,2,false,Case CC-0049: cardholder C01638 reported unrecognized activity on card C01638-K1. 2 transaction(s) between 2016-07-03 and 2016-07-03 totaling $399.95 were confirmed fraudulent. Online purchases inconsistent with the cardholder's usual merchants and amounts. Online transactions came from a Windows on firefox 57.0. Card blocked and reissued. Customer reimbursed.
CC-0050,C09221,C09221-K2,2016-07-04 13:08:31,2016-07-06 01:08:31,confirmed_fraud,out_of_region_use,48.01,1,false,"Case CC-0050: cardholder C09221 reported unrecognized activity on card C09221-K2. 1 transaction(s) between 2016-07-04 and 2016-07-04 totaling $48.01 were confirmed fraudulent. Card-present use in a billing region the cardholder had no history in, while the cardholder retained the card. Card blocked and reissued. Customer reimbursed."
CC-0051,C05976,C05976-K1,2016-07-04 14:46:15,2016-07-07 10:46:15,confirmed_fraud,account_takeover,177.02,2,false,Case CC-0051: cardholder C05976 reported unrecognized activity on card C05976-K1. 2 transaction(s) between 2016-07-04 and 2016-07-04 totaling $177.02 were confirmed fraudulent. Mixed-channel activity inconsistent with the cardholder; credentials and card data both used. Card blocked and reissued. Customer reimbursed.
CC-0052,C11595,C11595-K1,2016-07-04 15:45:08,2016-07-05 20:45:08,confirmed_fraud,card_not_present_fraud,52.36,1,false,Case CC-0052: cardholder C11595 reported unrecognized activity on card C11595-K1. 1 transaction(s) between 2016-07-03 and 2016-07-03 totaling $52.36 were confirmed fraudulent. Online purchases inconsistent with the cardholder's usual merchants and amounts. Card blocked and reissued. Customer reimbursed.
CC-0053,C02000,C02000-K2,2016-07-04 17:06:12,2016-07-06 06:06:12,confirmed_fraud,out_of_region_use,774.08,1,false,"Case CC-0053: cardholder C02000 reported unrecognized activity on card C02000-K2. 1 transaction(s) between 2016-07-04 and 2016-07-04 totaling $774.08 were confirmed fraudulent. Card-present use in a billing region the cardholder had no history in, while the cardholder retained the card. Card blocked and reissued. Customer reimbursed."
CC-0054,C05736,C05736-K1,2016-07-04 17:29:18,2016-07-07 20:29:18,confirmed_fraud,card_not_present_fraud,60.71,1,false,Case CC-0054: cardholder C05736 reported unrecognized activity on card C05736-K1. 1 transaction(s) between 2016-07-03 and 2016-07-03 totaling $60.71 were confirmed fraudulent. Online purchases inconsistent with the cardholder's usual merchants and amounts. Online transactions came from a Y635-L03 Build/HuaweiY635-L03 on chrome 62.0 for android. Card blocked and reissued. Customer reimbursed.
CC-0055,C04248,C04248-K2,2016-07-04 18:17:23,2016-07-06 00:17:23,confirmed_fraud,card_not_present_fraud,83.69,1,false,Case CC-0055: cardholder C04248 reported unrecognized activity on card C04248-K2. 1 transaction(s) between 2016-07-04 and 2016-07-04 totaling $83.69 were confirmed fraudulent. Online purchases inconsistent with the cardholder's usual merchants and amounts. Card blocked and reissued. Customer reimbursed.
CC-0057,C12598,C12598-K2,2016-07-04 18:42:19,2016-07-06 02:42:19,confirmed_fraud,account_takeover,108.42,1,false,Case CC-0057: cardholder C12598 reported unrecognized activity on card C12598-K2. 1 transaction(s) between 2016-07-04 and 2016-07-04 totaling $108.42 were confirmed fraudulent. Mixed-channel activity inconsistent with the cardholder; credentials and card data both used. Card blocked and reissued. Customer reimbursed.
CC-0058,C03412,C03412-K1,2016-07-04 18:53:38,2016-07-05 15:53:38,cleared,none,0.0,1,false,Case CC-0058: model scored a $99.99 transaction at 0.88. Cardholder confirmed travel to the billing region in question. Alert cleared.
CC-0059,C09165,C09165-K2,2016-07-04 19:05:35,2016-07-06 23:05:35,confirmed_fraud,card_not_present_new_device,185.01,4,false,"Case CC-0059: cardholder C09165 reported unrecognized activity on card C09165-K2. 4 transaction(s) between 2016-07-02 and 2016-07-03 totaling $185.01 were confirmed fraudulent. Online purchases from a device not previously seen on this account, inconsistent with the cardholder's history. Card blocked and reissued. Customer reimbursed."
CC-0060,C03348,C03348-K1,2016-07-04 19:18:54,2016-07-06 14:18:54,confirmed_fraud,card_not_present_fraud,899.98,2,false,Case CC-0060: cardholder C03348 reported unrecognized activity on card C03348-K1. 2 transaction(s) between 2016-07-03 and 2016-07-03 totaling $899.98 were confirmed fraudulent. Online purchases inconsistent with the cardholder's usual merchants and amounts. Online transactions came from a iOS Device on mobile safari 11.0. Card blocked and reissued. Customer reimbursed.
CC-0061,C03699,C03699-K1,2016-07-04 19:51:11,2016-07-06 13:51:11,cleared,none,0.0,1,false,Case CC-0061: model scored a $99.97 transaction at 0.86. Cardholder confirmed travel to the billing region in question. Alert cleared.
CC-0062,C07867,C07867-K2,2016-07-04 20:30:28,2016-07-06 08:30:28,confirmed_fraud,out_of_region_use,526.98,4,false,"Case CC-0062: cardholder C07867 reported unrecognized activity on card C07867-K2. 4 transaction(s) between 2016-07-03 and 2016-07-04 totaling $526.98 were confirmed fraudulent. Card-present use in a billing region the cardholder had no history in, while the cardholder retained the card. Card blocked and reissued. Customer reimbursed."
CC-0063,C11000,C11000-K2,2016-07-04 20:35:01,2016-07-06 17:35:01,confirmed_fraud,account_takeover,2659.62,12,true,"Case CC-0063: cardholder C11000 reported unrecognized activity on card C11000-K2. 12 transaction(s) between 2016-07-02 and 2016-07-04 totaling $2,659.62 were confirmed fraudulent. Mixed-channel activity inconsistent with the cardholder; credentials and card data both used. Online transactions came from a Windows on firefox 57.0. Card blocked and reissued. Customer reimbursed."
CC-0064,C13005,C13005-K1,2016-07-04 20:35:05,2016-07-08 18:35:05,confirmed_fraud,card_not_present_fraud,450.1,2,false,Case CC-0064: cardholder C13005 reported unrecognized activity on card C13005-K1. 2 transaction(s) between 2016-07-03 and 2016-07-03 totaling $450.10 were confirmed fraudulent. Online purchases inconsistent with the cardholder's usual merchants and amounts. Online transactions came from a Windows on chrome 62.0. Card blocked and reissued. Customer reimbursed.
CC-0065,C03839,C03839-K1,2016-07-04 20:48:28,2016-07-05 15:48:28,cleared,none,0.0,1,false,Case CC-0065: model scored a $149.94 transaction at 0.83. Cardholder confirmed travel to the billing region in question. Alert cleared.
CC-0066,C10167,C10167-K1,2016-07-04 20:52:22,2016-07-05 19:52:22,cleared,none,0.0,1,false,Case CC-0066: model scored a $199.95 transaction at 0.83. Cardholder confirmed the purchase from a new phone. Device added to profile. Alert cleared.
CC-0067,C11844,C11844-K2,2016-07-04 21:00:55,2016-07-09 01:00:55,confirmed_fraud,card_not_present_fraud,111.36,3,false,Case CC-0067: cardholder C11844 reported unrecognized activity on card C11844-K2. 3 transaction(s) between 2016-07-04 and 2016-07-04 totaling $111.36 were confirmed fraudulent. Online purchases inconsistent with the cardholder's usual merchants and amounts. Online transactions came from a Redmi Note 4 Build/MMB29M on chrome 54.0 for android. Card blocked and reissued. Customer reimbursed.
CC-0068,C09076,C09076-K1,2016-07-04 22:05:14,2016-07-05 21:05:14,cleared,none,0.0,1,false,Case CC-0068: model scored a $25.09 transaction at 0.88. Cardholder confirmed travel to the billing region in question. Alert cleared.
CC-0069,C01471,C01471-K1,2016-07-04 22:45:26,2016-07-06 14:45:26,cleared,none,0.0,1,false,Case CC-0069: model scored a $99.91 transaction at 0.84. Cardholder confirmed travel to the billing region in question. Alert cleared.
CC-0070,C12166,C12166-K2,2016-07-04 22:47:14,2016-07-07 17:47:14,confirmed_fraud,account_takeover,334.94,1,false,Case CC-0070: cardholder C12166 reported unrecognized activity on card C12166-K2. 1 transaction(s) between 2016-07-03 and 2016-07-03 totaling $334.94 were confirmed fraudulent. Mixed-channel activity inconsistent with the cardholder; credentials and card data both used. Card blocked and reissued. Customer reimbursed.
CC-0071,C13372,C13372-K1,2016-07-04 23:04:32,2016-07-09 23:04:32,confirmed_fraud,card_not_present_new_device,47.19,1,false,"Case CC-0071: cardholder C13372 reported unrecognized activity on card C13372-K1. 1 transaction(s) between 2016-07-03 and 2016-07-03 totaling $47.19 were confirmed fraudulent. Online purchases from a device not previously seen on this account, inconsistent with the cardholder's history. Online transactions came from a Windows on chrome 61.0. Card blocked and reissued. Customer reimbursed."
CC-0072,C12111,C12111-K1,2016-07-04 23:29:45,2016-07-07 21:29:45,confirmed_fraud,out_of_region_use,150.0,1,false,"Case CC-0072: cardholder C12111 reported unrecognized activity on card C12111-K1. 1 transaction(s) between 2016-07-03 and 2016-07-03 totaling $150.00 were confirmed fraudulent. Card-present use in a billing region the cardholder had no history in, while the cardholder retained the card. Card blocked and reissued. Customer reimbursed."
CC-0073,C04597,C04597-K2,2016-07-04 23:30:43,2016-07-08 20:30:43,confirmed_fraud,card_not_present_new_device,60.78,1,false,"Case CC-0073: cardholder C04597 reported unrecognized activity on card C04597-K2. 1 transaction(s) between 2016-07-04 and 2016-07-04 totaling $60.78 were confirmed fraudulent. Online purchases from a device not previously seen on this account, inconsistent with the cardholder's history. Online transactions came from a Y635-L03 Build/HuaweiY635-L03 on chrome 62.0 for android. Card blocked and reissued. Customer reimbursed."
CC-0074,C11496,C11496-K2,2016-07-04 23:46:07,2016-07-08 21:46:07,confirmed_fraud,account_takeover,31.92,1,false,Case CC-0074: cardholder C11496 reported unrecognized activity on card C11496-K2. 1 transaction(s) between 2016-07-04 and 2016-07-04 totaling $31.92 were confirmed fraudulent. Mixed-channel activity inconsistent with the cardholder; credentials and card data both used. Card blocked and reissued. Customer reimbursed.
CC-0075,C05385,C05385-K2,2016-07-05 00:20:08,2016-07-07 04:20:08,confirmed_fraud,card_not_present_fraud,100.07,1,false,Case CC-0075: cardholder C05385 reported unrecognized activity on card C05385-K2. 1 transaction(s) between 2016-07-04 and 2016-07-04 totaling $100.07 were confirmed fraudulent. Online purchases inconsistent with the cardholder's usual merchants and amounts. Online transactions came from a Trident/7.0 on ie 11.0 for desktop. Card blocked and reissued. Customer reimbursed.
CC-0076,C05289,C05289-K2,2016-07-05 00:44:38,2016-07-07 20:44:38,confirmed_fraud,card_not_present_new_device,299.85,2,false,"Case CC-0076: cardholder C05289 reported unrecognized activity on card C05289-K2. 2 transaction(s) between 2016-07-03 and 2016-07-03 totaling $299.85 were confirmed fraudulent. Online purchases from a device not previously seen on this account, inconsistent with the cardholder's history. Online transactions came from a iOS Device on mobile safari 11.0. Card blocked and reissued. Customer reimbursed."
CC-0077,C05385,C05385-K2,2016-07-05 00:50:31,2016-07-05 22:50:31,cleared,none,0.0,1,false,Case CC-0077: model scored a $50.05 transaction at 0.90. Cardholder confirmed travel to the billing region in question. Alert cleared.
CC-0078,C00978,C00978-K1,2016-07-05 01:42:34,2016-07-06 05:42:34,confirmed_fraud,card_not_present_new_device,131.31,2,false,"Case CC-0078: cardholder C00978 reported unrecognized activity on card C00978-K1. 2 transaction(s) between 2016-07-04 and 2016-07-04 totaling $131.31 were confirmed fraudulent. Online purchases from a device not previously seen on this account, inconsistent with the cardholder's history. Card blocked and reissued. Customer reimbursed."
CC-0079,C07149,C07149-K2,2016-07-05 02:47:36,2016-07-06 22:47:36,confirmed_fraud,account_takeover,188.62,2,false,Case CC-0079: cardholder C07149 reported unrecognized activity on card C07149-K2. 2 transaction(s) between 2016-07-03 and 2016-07-03 totaling $188.62 were confirmed fraudulent. Mixed-channel activity inconsistent with the cardholder; credentials and card data both used. Card blocked and reissued. Customer reimbursed.
CC-0080,C00938,C00938-K1,2016-07-05 03:00:33,2016-07-05 21:00:33,confirmed_fraud,card_not_present_fraud,29.92,1,false,Case CC-0080: cardholder C00938 reported unrecognized activity on card C00938-K1. 1 transaction(s) between 2016-07-03 and 2016-07-03 totaling $29.92 were confirmed fraudulent. Online purchases inconsistent with the cardholder's usual merchants and amounts. Card blocked and reissued. Customer reimbursed.
CC-0081,C06940,C06940-K1,2016-07-05 03:05:27,2016-07-08 21:05:27,confirmed_fraud,card_not_present_fraud,78.86,1,false,Case CC-0081: cardholder C06940 reported unrecognized activity on card C06940-K1. 1 transaction(s) between 2016-07-03 and 2016-07-03 totaling $78.86 were confirmed fraudulent. Online purchases inconsistent with the cardholder's usual merchants and amounts. Online transactions came from a Windows on chrome 62.0. Card blocked and reissued. Customer reimbursed.
CC-0082,C00621,C00621-K2,2016-07-05 03:09:46,2016-07-06 19:09:46,cleared,none,0.0,1,false,Case CC-0082: model scored a $489.90 transaction at 0.86. Cardholder confirmed travel to the billing region in question. Alert cleared.
CC-0083,C04201,C04201-K1,2016-07-05 03:28:05,2016-07-06 00:28:05,cleared,none,0.0,1,false,Case CC-0083: model scored a $18.83 transaction at 0.89. Cardholder confirmed the purchase from a new phone. Device added to profile. Alert cleared.
CC-0084,C12900,C12900-K2,2016-07-05 03:42:51,2016-07-10 18:42:51,confirmed_fraud,account_takeover,497.99,2,false,Case CC-0084: cardholder C12900 reported unrecognized activity on card C12900-K2. 2 transaction(s) between 2016-07-04 and 2016-07-04 totaling $497.99 were confirmed fraudulent. Mixed-channel activity inconsistent with the cardholder; credentials and card data both used. Card blocked and reissued. Customer reimbursed.
CC-0085,C10585,C10585-K2,2016-07-05 04:12:28,2016-07-07 22:12:28,confirmed_fraud,account_takeover,298.03,7,false,Case CC-0085: cardholder C10585 reported unrecognized activity on card C10585-K2. 7 transaction(s) between 2016-07-02 and 2016-07-04 totaling $298.03 were confirmed fraudulent. Mixed-channel activity inconsistent with the cardholder; credentials and card data both used. Card blocked and reissued. Customer reimbursed.
CC-0086,C05307,C05307-K2,2016-07-05 04:16:32,2016-07-10 00:16:32,confirmed_fraud,card_not_present_fraud,83.81,1,false,Case CC-0086: cardholder C05307 reported unrecognized activity on card C05307-K2. 1 transaction(s) between 2016-07-05 and 2016-07-05 totaling $83.81 were confirmed fraudulent. Online purchases inconsistent with the cardholder's usual merchants and amounts. Card blocked and reissued. Customer reimbursed.
CC-0087,C11031,C11031-K2,2016-07-05 04:17:51,2016-07-08 22:17:51,confirmed_fraud,out_of_region_use,399.92,1,false,"Case CC-0087: cardholder C11031 reported unrecognized activity on card C11031-K2. 1 transaction(s) between 2016-07-04 and 2016-07-04 totaling $399.92 were confirmed fraudulent. Card-present use in a billing region the cardholder had no history in, while the cardholder retained the card. Card blocked and reissued. Customer reimbursed."
CC-0088,C02477,C02477-K1,2016-07-05 04:58:21,2016-07-07 22:58:21,cleared,none,0.0,1,false,Case CC-0088: model scored a $49.99 transaction at 0.87. Cardholder confirmed travel to the billing region in question. Alert cleared.
CC-0089,C09354,C09354-K1,2016-07-05 05:21:29,2016-07-06 17:21:29,confirmed_fraud,card_not_present_fraud,251.25,3,false,Case CC-0089: cardholder C09354 reported unrecognized activity on card C09354-K1. 3 transaction(s) between 2016-07-04 and 2016-07-04 totaling $251.25 were confirmed fraudulent. Online purchases inconsistent with the cardholder's usual merchants and amounts. Online transactions came from a Windows on chrome 62.0. Card blocked and reissued. Customer reimbursed.
CC-0090,C00854,C00854-K2,2016-07-05 07:42:35,2016-07-06 21:42:35,confirmed_fraud,out_of_region_use,770.29,4,false,"Case CC-0090: cardholder C00854 reported unrecognized activity on card C00854-K2. 4 transaction(s) between 2016-07-04 and 2016-07-04 totaling $770.29 were confirmed fraudulent. Card-present use in a billing region the cardholder had no history in, while the cardholder retained the card. Card blocked and reissued. Customer reimbursed."
CC-0091,C08913,C08913-K2,2016-07-05 08:37:44,2016-07-08 02:37:44,cleared,none,0.0,1,false,Case CC-0091: model scored a $14.94 transaction at 0.94. Cardholder confirmed travel to the billing region in question. Alert cleared.
CC-0092,C12517,C12517-K2,2016-07-05 08:46:40,2016-07-10 21:46:40,confirmed_fraud,account_takeover,53.93,1,false,Case CC-0092: cardholder C12517 reported unrecognized activity on card C12517-K2. 1 transaction(s) between 2016-07-04 and 2016-07-04 totaling $53.93 were confirmed fraudulent. Mixed-channel activity inconsistent with the cardholder; credentials and card data both used. Card blocked and reissued. Customer reimbursed.
CC-0093,C07073,C07073-K1,2016-07-05 09:11:36,2016-07-07 14:11:36,confirmed_fraud,account_takeover,94.98,2,false,Case CC-0093: cardholder C07073 reported unrecognized activity on card C07073-K1. 2 transaction(s) between 2016-07-04 and 2016-07-04 totaling $94.98 were confirmed fraudulent. Mixed-channel activity inconsistent with the cardholder; credentials and card data both used. Card blocked and reissued. Customer reimbursed.
CC-0094,C12987,C12987-K1,2016-07-05 09:16:28,2016-07-09 02:16:28,confirmed_fraud,card_not_present_fraud,37.22,1,false,Case CC-0094: cardholder C12987 reported unrecognized activity on card C12987-K1. 1 transaction(s) between 2016-07-05 and 2016-07-05 totaling $37.22 were confirmed fraudulent. Online purchases inconsistent with the cardholder's usual merchants and amounts. Card blocked and reissued. Customer reimbursed.
CC-0095,C09301,C09301-K2,2016-07-05 09:22:19,2016-07-07 21:22:19,confirmed_fraud,out_of_region_use,447.09,5,false,"Case CC-0095: cardholder C09301 reported unrecognized activity on card C09301-K2. 5 transaction(s) between 2016-07-02 and 2016-07-04 totaling $447.09 were confirmed fraudulent. Card-present use in a billing region the cardholder had no history in, while the cardholder retained the card. Card blocked and reissued. Customer reimbursed."
CC-0096,C13001,C13001-K1,2016-07-05 09:30:38,2016-07-07 07:30:38,cleared,none,0.0,1,false,"Case CC-0096: model scored a $2,000.97 transaction at 0.89. Cardholder confirmed travel to the billing region in question. Alert cleared."
CC-0097,C06988,C06988-K1,2016-07-05 11:06:37,2016-07-08 18:06:37,confirmed_fraud,card_not_present_fraud,51.29,1,false,Case CC-0097: cardholder C06988 reported unrecognized activity on card C06988-K1. 1 transaction(s) between 2016-07-04 and 2016-07-04 totaling $51.29 were confirmed fraudulent. Online purchases inconsistent with the cardholder's usual merchants and amounts. Card blocked and reissued. Customer reimbursed.
CC-0098,C07508,C07508-K2,2016-07-05 11:17:13,2016-07-07 03:17:13,cleared,none,0.0,1,false,Case CC-0098: model scored a $9.86 transaction at 0.84. Cardholder confirmed the purchase from a new phone. Device added to profile. Alert cleared.
CC-0099,C06348,C06348-K1,2016-07-05 11:24:16,2016-07-07 04:24:16,cleared,none,0.0,1,false,Case CC-0099: model scored a $124.95 transaction at 0.81. Cardholder confirmed the purchase from a new phone. Device added to profile. Alert cleared.
CC-0100,C10326,C10326-K1,2016-07-05 11:39:32,2016-07-07 01:39:32,confirmed_fraud,out_of_region_use,195.92,1,false,"Case CC-0100: cardholder C10326 reported unrecognized activity on card C10326-K1. 1 transaction(s) between 2016-07-05 and 2016-07-05 totaling $195.92 were confirmed fraudulent. Card-present use in a billing region the cardholder had no history in, while the cardholder retained the card. Card blocked and reissued. Customer reimbursed."
