TransactionID,ts,TransactionAmt,ProductCD,channel,addr1,addr2,risk_score,P_emaildomain,R_emaildomain,customer_id,card_id
3450629,2016-11-11 23:46:24,100.09,R,online,204.0,87.0,0.57,anonymous.com,anonymous.com,C04570,C04570-K1
3464869,2016-11-17 14:03:36,599.94,R,online,327.0,87.0,0.77,anonymous.com,anonymous.com,C03042,C03042-K1
3476682,2016-11-21 20:30:00,482.12,C,online,264.0,87.0,0.25,gmail.com,,C07297,C07297-K1
3478561,2016-11-22 16:11:00,74.96,C,online,191.0,87.0,0.05,yahoo.com,gmail.com,C13487,C13487-K1
3478782,2016-11-22 17:27:07,292.36,C,online,,,0.79,hotmail.com,hotmail.com,C11891,C11891-K1
3491361,2016-11-27 13:41:26,39.08,W,in_person,126.0,87.0,0.48,,,C02354,C02354-K2
3503878,2016-12-01 17:28:53,99.92,R,online,264.0,87.0,0.9,verizon.net,gmail.com,C07987,C07987-K2
3506725,2016-12-02 15:18:27,1000.03,R,online,469.0,87.0,0.9,anonymous.com,anonymous.com,C10434,C10434-K1
3509359,2016-12-03 06:04:26,125.08,R,online,264.0,87.0,0.52,yahoo.com,cox.net,C12265,C12265-K2
3514030,2016-12-04 19:55:28,77.07,W,in_person,444.0,87.0,0.61,,,C12382,C12382-K1
3514948,2016-12-05 00:46:14,111.92,W,in_person,264.0,87.0,0.87,gmail.com,,C09933,C09933-K2
3523199,2016-12-07 21:38:37,100.07,R,online,330.0,87.0,0.54,icloud.com,gmail.com,C02923,C02923-K1
3526826,2016-12-09 02:39:29,35.66,C,online,,,0.76,gmail.com,gmail.com,C07671,C07671-K2
3530164,2016-12-10 13:01:21,49.0,W,in_person,330.0,87.0,0.4,me.com,,C08623,C08623-K2
3534820,2016-12-11 22:39:08,59.67,C,online,,,0.37,hotmail.com,hotmail.com,C09988,C09988-K1
3553342,2016-12-18 04:00:31,30.91,W,in_person,494.0,87.0,0.55,gmail.com,,C05876,C05876-K2
3558054,2016-12-19 22:08:56,55.68,C,online,,,0.38,hotmail.com,hotmail.com,C13171,C13171-K2
3581141,2016-12-28 12:10:53,30.02,S,online,203.0,87.0,0.28,,gmail.com,C08299,C08299-K1
3583227,2016-12-29 01:53:54,128.33,C,online,,,0.34,hotmail.com,hotmail.com,C08106,C08106-K1
3583368,2016-12-29 03:27:44,131.3,C,online,,,0.39,gmail.com,gmail.com,C11923,C11923-K2
3014003,2016-07-06 14:47:52,199.98,W,in_person,191.0,87.0,0.11,,,C12382,C12382-K1
3014441,2016-07-06 16:42:46,198.59,W,in_person,184.0,87.0,0.29,gmail.com,,C12382,C12382-K1
3015830,2016-07-06 21:35:43,185.07,W,in_person,428.0,87.0,0.11,yahoo.com,,C12382,C12382-K1
3016570,2016-07-07 00:41:34,130.94,W,in_person,143.0,87.0,0.02,,,C12382,C12382-K1
3016589,2016-07-07 00:46:02,120.42,W,in_person,143.0,87.0,0.09,,,C12382,C12382-K1
3017209,2016-07-07 04:26:26,100.05,W,in_person,264.0,87.0,0.27,gmail.com,,C12382,C12382-K1
3019167,2016-07-07 20:14:00,100.04,W,in_person,143.0,87.0,0.11,,,C12382,C12382-K1
3019235,2016-07-07 20:27:58,116.97,W,in_person,143.0,87.0,0.36,,,C12382,C12382-K1
3020600,2016-07-08 02:00:38,36.46,W,in_person,387.0,87.0,0.19,gmail.com,,C12382,C12382-K1
3022135,2016-07-08 17:30:10,90.03,W,in_person,387.0,87.0,0.17,gmail.com,,C12382,C12382-K1
3022218,2016-07-08 17:48:36,107.06,W,in_person,387.0,87.0,0.06,gmail.com,,C12382,C12382-K1
3024680,2016-07-09 03:50:48,20.05,W,in_person,485.0,87.0,0.2,yahoo.com,,C12382,C12382-K1
3026088,2016-07-09 18:06:04,25.93,W,in_person,143.0,87.0,0.25,yahoo.com,,C12382,C12382-K1
3031939,2016-07-11 01:42:28,58.93,W,in_person,325.0,87.0,0.11,gmail.com,,C12382,C12382-K1
3031956,2016-07-11 01:46:29,57.04,W,in_person,325.0,87.0,0.16,gmail.com,,C12382,C12382-K1
3032998,2016-07-11 15:00:27,49.92,W,in_person,272.0,87.0,0.13,yahoo.com,,C12382,C12382-K1
3033741,2016-07-11 18:01:39,380.42,W,in_person,264.0,87.0,0.2,yahoo.com,,C12382,C12382-K1
3034026,2016-07-11 18:58:23,25.89,W,in_person,264.0,87.0,0.04,gmail.com,,C12382,C12382-K1
3035822,2016-07-12 01:35:34,49.98,W,in_person,272.0,87.0,0.16,yahoo.com,,C12382,C12382-K1
3035829,2016-07-12 01:37:10,39.07,W,in_person,123.0,87.0,0.04,gmail.com,,C12382,C12382-K1
3036105,2016-07-12 03:04:14,280.02,W,in_person,122.0,87.0,0.16,yahoo.com,,C12382,C12382-K1
3037267,2016-07-12 16:35:39,63.9,W,in_person,315.0,87.0,0.15,gmail.com,,C12382,C12382-K1
3039694,2016-07-13 01:08:14,50.08,W,in_person,123.0,87.0,0.04,gmail.com,,C12382,C12382-K1
3041759,2016-07-13 17:50:52,29.96,W,in_person,123.0,87.0,0.03,gmail.com,,C12382,C12382-K1
3041984,2016-07-13 18:38:03,49.95,W,in_person,123.0,87.0,0.19,gmail.com,,C12382,C12382-K1
3043424,2016-07-13 23:20:37,100.06,W,in_person,122.0,87.0,0.17,yahoo.com,,C12382,C12382-K1
3046129,2016-07-14 18:31:17,107.93,W,in_person,264.0,87.0,0.11,yahoo.com,,C12382,C12382-K1
3046179,2016-07-14 18:41:50,58.98,W,in_person,123.0,87.0,0.05,gmail.com,,C12382,C12382-K1
3046278,2016-07-14 18:58:48,280.02,W,in_person,433.0,87.0,0.03,gmail.com,,C12382,C12382-K1
3047130,2016-07-14 21:51:03,211.02,W,in_person,220.0,87.0,0.1,yahoo.com,,C12382,C12382-K1
3047349,2016-07-14 22:34:10,58.91,W,in_person,498.0,87.0,0.18,gmail.com,,C12382,C12382-K1
3051334,2016-07-15 22:00:01,64.93,W,in_person,272.0,87.0,0.03,yahoo.com,,C12382,C12382-K1
3052772,2016-07-16 03:26:38,35.97,W,in_person,441.0,87.0,0.01,gmail.com,,C12382,C12382-K1
3055139,2016-07-16 20:20:52,69.09,W,in_person,204.0,87.0,0.14,gmail.com,,C12382,C12382-K1
3056469,2016-07-17 00:58:53,34.04,W,in_person,123.0,87.0,0.09,gmail.com,,C12382,C12382-K1
3056483,2016-07-17 01:03:48,33.96,W,in_person,123.0,87.0,0.15,gmail.com,,C12382,C12382-K1
3069874,2016-07-19 22:21:28,171.04,W,in_person,204.0,87.0,0.2,gmail.com,,C12382,C12382-K1
3074257,2016-07-20 20:26:26,229.91,W,in_person,330.0,87.0,0.28,,,C12382,C12382-K1
3075517,2016-07-21 00:12:02,59.02,W,in_person,476.0,87.0,0.1,gmail.com,,C12382,C12382-K1
3077611,2016-07-21 15:31:03,106.96,W,in_person,337.0,87.0,0.09,me.com,,C12382,C12382-K1
3077889,2016-07-21 16:22:53,35.99,W,in_person,485.0,87.0,0.39,yahoo.com,,C12382,C12382-K1
3078846,2016-07-21 18:44:13,64.94,W,in_person,272.0,87.0,0.01,yahoo.com,,C12382,C12382-K1
3085017,2016-07-22 20:20:00,87.93,W,in_person,264.0,87.0,0.14,gmail.com,,C12382,C12382-K1
3085461,2016-07-22 21:27:32,59.08,W,in_person,181.0,87.0,0.06,gmail.com,,C12382,C12382-K1
3086821,2016-07-23 01:07:06,141.07,W,in_person,181.0,87.0,0.2,gmail.com,,C12382,C12382-K1
3004451,2016-07-03 19:00:17,36.02,C,online,,,0.08,hotmail.com,hotmail.com,C11891,C11891-K1
3041882,2016-07-13 18:15:03,93.43,C,online,375.0,60.0,0.07,anonymous.com,anonymous.com,C11891,C11891-K1
3043555,2016-07-13 23:51:50,121.32,C,online,,,0.21,hotmail.com,hotmail.com,C11891,C11891-K1
3073868,2016-07-20 19:23:39,37.95,C,online,,,0.32,anonymous.com,anonymous.com,C11891,C11891-K1
3176883,2016-08-15 18:52:59,83.64,C,online,,,0.04,anonymous.com,anonymous.com,C11891,C11891-K1
3185167,2016-08-18 16:08:34,31.61,C,online,,,0.39,anonymous.com,anonymous.com,C11891,C11891-K1
3189049,2016-08-19 20:38:02,6.34,C,online,,,0.02,hotmail.com,hotmail.com,C11891,C11891-K1
3215277,2016-08-28 23:20:48,27.85,C,online,,,0.07,anonymous.com,anonymous.com,C11891,C11891-K1
3227718,2016-09-02 03:42:12,22.82,C,online,,,0.01,anonymous.com,anonymous.com,C11891,C11891-K1
3230270,2016-09-02 22:19:51,51.51,C,online,,,0.12,anonymous.com,anonymous.com,C11891,C11891-K1
3230363,2016-09-02 22:43:54,58.54,C,online,,,0.13,anonymous.com,anonymous.com,C11891,C11891-K1
3230393,2016-09-02 22:52:46,47.29,C,online,,,0.27,anonymous.com,anonymous.com,C11891,C11891-K1
3230409,2016-09-02 22:57:50,47.34,C,online,,,0.45,anonymous.com,anonymous.com,C11891,C11891-K1
3230493,2016-09-02 23:17:20,51.52,C,online,,,0.01,anonymous.com,anonymous.com,C11891,C11891-K1
3264883,2016-09-13 23:01:41,41.57,C,online,,,0.17,anonymous.com,anonymous.com,C11891,C11891-K1
3272926,2016-09-16 18:08:00,55.0,C,online,,,0.05,hotmail.com,hotmail.com,C11891,C11891-K1
3273763,2016-09-16 22:04:58,56.11,C,online,,,0.01,hotmail.com,hotmail.com,C11891,C11891-K1
3295566,2016-09-24 16:29:46,20.84,C,online,,,0.01,hotmail.com,hotmail.com,C11891,C11891-K1
3302993,2016-09-26 23:14:39,25.6,C,online,,,0.09,anonymous.com,anonymous.com,C11891,C11891-K1
3307219,2016-09-28 04:35:26,23.26,C,online,,,0.04,gmail.com,gmail.com,C11891,C11891-K1
3307244,2016-09-28 04:55:20,26.38,C,online,,,0.1,anonymous.com,anonymous.com,C11891,C11891-K1
3307245,2016-09-28 04:55:50,16.53,C,online,,,0.09,gmail.com,gmail.com,C11891,C11891-K1
3311844,2016-09-29 18:59:51,90.54,C,online,,,0.51,hotmail.com,hotmail.com,C11891,C11891-K1
3326030,2016-10-03 02:59:45,13.14,C,online,,,0.14,gmail.com,gmail.com,C11891,C11891-K1
3351763,2016-10-10 17:09:49,24.77,C,online,,,0.38,,,C11891,C11891-K1
3385561,2016-10-21 20:51:50,34.99,C,online,,,0.03,anonymous.com,anonymous.com,C11891,C11891-K1
3400334,2016-10-26 19:34:34,74.6,C,online,,,0.25,anonymous.com,anonymous.com,C11891,C11891-K1
3400385,2016-10-26 19:49:06,52.42,C,online,,,0.39,anonymous.com,anonymous.com,C11891,C11891-K1
3400395,2016-10-26 19:51:46,52.4,C,online,,,0.11,anonymous.com,anonymous.com,C11891,C11891-K1
3400406,2016-10-26 19:54:38,25.17,C,online,,,0.16,anonymous.com,anonymous.com,C11891,C11891-K1
3400436,2016-10-26 20:01:14,52.53,C,online,,,0.36,anonymous.com,anonymous.com,C11891,C11891-K1
3400451,2016-10-26 20:05:22,52.5,C,online,,,0.06,anonymous.com,anonymous.com,C11891,C11891-K1
3400494,2016-10-26 20:13:04,52.45,C,online,,,0.22,anonymous.com,anonymous.com,C11891,C11891-K1
3400552,2016-10-26 20:29:16,52.45,C,online,,,0.01,anonymous.com,anonymous.com,C11891,C11891-K1
3433977,2016-11-05 23:32:56,2.68,C,online,,,0.07,gmail.com,gmail.com,C11891,C11891-K1
3537664,2016-12-12 22:27:29,44.96,C,online,,,0.03,anonymous.com,anonymous.com,C11891,C11891-K1
3540380,2016-12-13 21:28:35,26.21,C,online,,,0.28,gmail.com,gmail.com,C11891,C11891-K1
3544645,2016-12-15 04:10:51,30.22,C,online,,,0.13,anonymous.com,anonymous.com,C11891,C11891-K1
3545271,2016-12-15 15:01:07,26.21,C,online,,,0.06,gmail.com,gmail.com,C11891,C11891-K1
3545283,2016-12-15 15:05:06,26.26,C,online,,,0.15,gmail.com,gmail.com,C11891,C11891-K1
3545290,2016-12-15 15:07:23,26.21,C,online,,,0.03,gmail.com,gmail.com,C11891,C11891-K1
3545367,2016-12-15 15:29:45,26.27,C,online,,,0.02,gmail.com,gmail.com,C11891,C11891-K1
3545398,2016-12-15 15:37:17,26.22,C,online,,,0.12,gmail.com,gmail.com,C11891,C11891-K1
3013960,2016-07-06 14:31:05,76.98,W,in_person,315.0,87.0,0.11,yahoo.com,,C08623,C08623-K2
3014333,2016-07-06 16:21:30,108.02,W,in_person,204.0,87.0,0.23,gmail.com,,C08623,C08623-K2
3014962,2016-07-06 18:23:56,86.91,W,in_person,315.0,87.0,0.48,yahoo.com,,C08623,C08623-K2
3015183,2016-07-06 19:10:06,87.09,W,in_person,315.0,87.0,0.02,yahoo.com,,C08623,C08623-K2
3015779,2016-07-06 21:21:34,48.94,W,in_person,299.0,87.0,0.02,gmail.com,,C08623,C08623-K2
3017365,2016-07-07 06:46:37,25.03,W,in_person,220.0,87.0,0.03,yahoo.com,,C08623,C08623-K2
3017773,2016-07-07 14:42:03,116.96,W,in_person,204.0,87.0,0.09,,,C08623,C08623-K2
3017927,2016-07-07 15:26:22,59.01,W,in_person,204.0,87.0,0.16,,,C08623,C08623-K2
3018166,2016-07-07 16:32:40,78.03,W,in_person,225.0,87.0,0.01,yahoo.com,,C08623,C08623-K2
3018431,2016-07-07 17:38:06,87.89,W,in_person,264.0,87.0,0.07,gmail.com,,C08623,C08623-K2
3019196,2016-07-07 20:21:23,39.07,W,in_person,299.0,87.0,0.05,,,C08623,C08623-K2
3020683,2016-07-08 02:30:07,311.97,W,in_person,272.0,87.0,0.16,gmail.com,,C08623,C08623-K2
3020799,2016-07-08 03:12:51,213.04,W,in_person,325.0,87.0,0.28,ymail.com,,C08623,C08623-K2
3020831,2016-07-08 03:23:51,226.07,W,in_person,325.0,87.0,0.06,ymail.com,,C08623,C08623-K2
3020834,2016-07-08 03:24:38,11.94,W,in_person,220.0,87.0,0.04,yahoo.com,,C08623,C08623-K2
3020881,2016-07-08 03:40:58,19.99,H,online,181.0,87.0,0.61,gmail.com,anonymous.com,C08623,C08623-K2
3020895,2016-07-08 03:46:43,20.09,H,online,181.0,87.0,0.05,gmail.com,anonymous.com,C08623,C08623-K2
3021411,2016-07-08 14:28:56,102.07,W,in_person,143.0,87.0,0.02,gmail.com,,C08623,C08623-K2
3022086,2016-07-08 17:20:23,39.98,H,online,327.0,87.0,0.09,hotmail.com,,C08623,C08623-K2
3022812,2016-07-08 19:57:51,88.9,W,in_person,205.0,87.0,0.12,,,C08623,C08623-K2
3023499,2016-07-08 22:29:43,59.07,W,in_person,184.0,87.0,0.11,gmail.com,,C08623,C08623-K2
3023768,2016-07-08 23:33:07,34.96,W,in_person,441.0,87.0,0.32,,,C08623,C08623-K2
3024076,2016-07-09 00:44:06,38.97,W,in_person,272.0,87.0,0.01,gmail.com,,C08623,C08623-K2
3024198,2016-07-09 01:16:03,39.98,W,in_person,441.0,87.0,0.08,,,C08623,C08623-K2
3025135,2016-07-09 13:46:58,74.98,R,online,272.0,87.0,0.77,gmail.com,anonymous.com,C08623,C08623-K2
3025483,2016-07-09 15:43:28,150.97,W,in_person,191.0,87.0,0.03,,,C08623,C08623-K2
3025933,2016-07-09 17:32:32,49.06,W,in_person,204.0,87.0,0.2,yahoo.com,,C08623,C08623-K2
3026206,2016-07-09 18:33:34,39.03,W,in_person,177.0,87.0,0.01,gmail.com,,C08623,C08623-K2
3027702,2016-07-09 23:53:35,209.9,W,in_person,330.0,87.0,0.15,gmail.com,,C08623,C08623-K2
3028537,2016-07-10 04:04:11,269.92,W,in_person,299.0,87.0,0.23,hotmail.com,,C08623,C08623-K2
3029670,2016-07-10 17:21:44,30.94,W,in_person,485.0,87.0,0.06,gmail.com,,C08623,C08623-K2
3030232,2016-07-10 19:26:18,231.14,W,in_person,337.0,87.0,0.12,yahoo.com,,C08623,C08623-K2
3030499,2016-07-10 20:27:40,11.06,W,in_person,299.0,87.0,0.19,hotmail.com,,C08623,C08623-K2
3030556,2016-07-10 20:38:07,68.49,W,in_person,299.0,87.0,0.01,yahoo.com,,C08623,C08623-K2
3031693,2016-07-11 00:38:46,58.95,W,in_person,264.0,87.0,0.06,yahoo.com,,C08623,C08623-K2
3032361,2016-07-11 04:02:41,150.08,R,online,337.0,87.0,0.13,yahoo.com,yahoo.com,C08623,C08623-K2
3032384,2016-07-11 04:12:11,149.99,R,online,337.0,87.0,0.23,yahoo.com,yahoo.com,C08623,C08623-K2
3032624,2016-07-11 10:53:30,57.88,W,in_person,485.0,87.0,0.08,,,C08623,C08623-K2
3032708,2016-07-11 12:51:56,58.92,W,in_person,441.0,87.0,0.25,,,C08623,C08623-K2
3034331,2016-07-11 20:01:29,49.93,W,in_person,472.0,87.0,0.12,,,C08623,C08623-K2
3034583,2016-07-11 20:53:16,21.97,W,in_person,204.0,87.0,0.12,,,C08623,C08623-K2
3034749,2016-07-11 21:28:59,29.04,W,in_person,299.0,87.0,0.3,gmail.com,,C08623,C08623-K2
3034750,2016-07-11 21:29:14,87.09,W,in_person,299.0,87.0,0.01,yahoo.com,,C08623,C08623-K2
3034767,2016-07-11 21:31:55,38.94,W,in_person,299.0,87.0,0.21,gmail.com,,C08623,C08623-K2
3035019,2016-07-11 22:27:56,46.01,W,in_person,126.0,87.0,0.25,aol.com,,C08623,C08623-K2
3016362,2016-07-06 23:51:38,11.22,C,online,,,0.02,outlook.com,outlook.com,C08106,C08106-K1
3022263,2016-07-08 17:59:25,12.2,C,online,,,0.05,gmail.com,gmail.com,C08106,C08106-K1
3032354,2016-07-11 03:59:28,11.22,C,online,,,0.36,hotmail.com,hotmail.com,C08106,C08106-K1
3041189,2016-07-13 15:49:25,24.96,C,online,,,0.27,gmail.com,gmail.com,C08106,C08106-K1
3041451,2016-07-13 16:45:49,11.16,C,online,465.0,60.0,0.14,hotmail.com,hotmail.com,C08106,C08106-K1
3041580,2016-07-13 17:10:26,20.51,C,online,161.0,60.0,0.17,hotmail.com,hotmail.com,C08106,C08106-K1
3042672,2016-07-13 20:51:10,29.0,C,online,,,0.04,gmail.com,gmail.com,C08106,C08106-K1
3043674,2016-07-14 00:19:32,23.8,C,online,,,0.66,gmail.com,gmail.com,C08106,C08106-K1
3044424,2016-07-14 03:52:32,93.6,C,online,431.0,60.0,0.59,hotmail.com,hotmail.com,C08106,C08106-K1
3053646,2016-07-16 15:25:27,76.05,C,online,,,0.02,hotmail.com,hotmail.com,C08106,C08106-K1
3057975,2016-07-17 15:07:30,23.37,C,online,,,0.26,hotmail.com,hotmail.com,C08106,C08106-K1
3060995,2016-07-18 00:30:15,13.68,C,online,465.0,60.0,0.83,hotmail.com,hotmail.com,C08106,C08106-K1
3061540,2016-07-18 02:41:26,25.7,C,online,,,0.07,yahoo.com.mx,yahoo.com.mx,C08106,C08106-K1
3062197,2016-07-18 12:05:54,28.24,C,online,,,0.03,hotmail.com,hotmail.com,C08106,C08106-K1
3062201,2016-07-18 12:09:26,28.27,C,online,,,0.29,hotmail.com,hotmail.com,C08106,C08106-K1
3070467,2016-07-20 00:16:18,20.37,C,online,,,0.15,gmail.com,gmail.com,C08106,C08106-K1
3074803,2016-07-20 21:58:45,80.42,C,online,,,0.18,hotmail.com,hotmail.com,C08106,C08106-K1
3078870,2016-07-21 18:48:18,18.56,C,online,,,0.45,gmail.com,gmail.com,C08106,C08106-K1
3079235,2016-07-21 19:37:14,32.67,C,online,,,0.08,hotmail.com,hotmail.com,C08106,C08106-K1
3083251,2016-07-22 15:59:31,27.73,C,online,,,0.02,hotmail.com,hotmail.com,C08106,C08106-K1
3087548,2016-07-23 04:01:39,96.44,C,online,,,0.47,hotmail.com,hotmail.com,C08106,C08106-K1
3087605,2016-07-23 04:18:14,96.37,C,online,,,0.05,hotmail.com,hotmail.com,C08106,C08106-K1
3087613,2016-07-23 04:21:33,96.37,C,online,,,0.21,hotmail.com,hotmail.com,C08106,C08106-K1
3087647,2016-07-23 04:30:11,96.4,C,online,,,0.11,hotmail.com,hotmail.com,C08106,C08106-K1
3087652,2016-07-23 04:31:17,96.33,C,online,,,0.12,hotmail.com,hotmail.com,C08106,C08106-K1
3087672,2016-07-23 04:35:14,96.45,C,online,,,0.28,hotmail.com,hotmail.com,C08106,C08106-K1
3087743,2016-07-23 04:56:01,96.37,C,online,,,0.02,hotmail.com,hotmail.com,C08106,C08106-K1
3088788,2016-07-23 15:28:50,96.41,C,online,,,0.24,hotmail.com,hotmail.com,C08106,C08106-K1
3089037,2016-07-23 16:10:54,96.43,C,online,,,0.06,hotmail.com,hotmail.com,C08106,C08106-K1
3092419,2016-07-24 00:09:49,24.28,C,online,,,0.08,hotmail.com,hotmail.com,C08106,C08106-K1
3097293,2016-07-24 21:14:16,60.48,C,online,,,0.1,hotmail.com,hotmail.com,C08106,C08106-K1
3099130,2016-07-25 02:38:01,16.95,C,online,,,0.4,hotmail.com,hotmail.com,C08106,C08106-K1
3102555,2016-07-25 20:21:02,20.73,C,online,,,0.06,hotmail.com,hotmail.com,C08106,C08106-K1
3103726,2016-07-25 23:36:18,63.0,C,online,,,0.05,gmail.com,gmail.com,C08106,C08106-K1
3104236,2016-07-26 01:20:11,21.13,C,online,,,0.13,gmail.com,gmail.com,C08106,C08106-K1
3105031,2016-07-26 04:56:44,62.98,C,online,,,0.16,gmail.com,gmail.com,C08106,C08106-K1
3110056,2016-07-27 02:55:13,24.84,C,online,,,0.19,hotmail.com,hotmail.com,C08106,C08106-K1
3112405,2016-07-27 18:14:42,19.12,C,online,,,0.14,hotmail.com,hotmail.com,C08106,C08106-K1
3113247,2016-07-27 20:35:36,17.97,C,online,,,0.11,gmail.com,gmail.com,C08106,C08106-K1
3117755,2016-07-28 20:22:13,69.19,C,online,,,0.16,hotmail.com,hotmail.com,C08106,C08106-K1
3119793,2016-07-29 04:42:22,34.08,C,online,,,0.04,gmail.com,gmail.com,C08106,C08106-K1
3122967,2016-07-29 23:53:18,22.48,C,online,,,0.13,hotmail.com,hotmail.com,C08106,C08106-K1
3123023,2016-07-30 00:10:23,22.3,C,online,,,0.08,hotmail.com,hotmail.com,C08106,C08106-K1
3125210,2016-07-30 17:43:21,22.48,C,online,,,0.04,hotmail.com,hotmail.com,C08106,C08106-K1
3125214,2016-07-30 17:44:18,22.47,C,online,,,0.14,hotmail.com,hotmail.com,C08106,C08106-K1
3000902,2016-07-02 16:06:18,108.47,W,in_person,330.0,87.0,0.1,gmail.com,,C02923,C02923-K1
3008138,2016-07-04 19:22:50,100.03,H,online,330.0,87.0,0.15,gmail.com,,C02923,C02923-K1
3039032,2016-07-12 22:45:24,49.93,R,online,330.0,87.0,0.06,yahoo.com,gmail.com,C02923,C02923-K1
3044065,2016-07-14 01:55:09,117.01,W,in_person,330.0,87.0,0.35,,,C02923,C02923-K1
3045126,2016-07-14 14:53:56,9.92,S,online,330.0,87.0,0.12,,yahoo.com,C02923,C02923-K1
3045247,2016-07-14 15:25:07,20.0,S,online,330.0,87.0,0.09,,yahoo.com,C02923,C02923-K1
3050502,2016-07-15 19:20:39,99.92,R,online,330.0,87.0,0.01,gmail.com,gmail.com,C02923,C02923-K1
3053121,2016-07-16 09:12:38,108.52,W,in_person,330.0,87.0,0.07,gmail.com,,C02923,C02923-K1
3055624,2016-07-16 21:58:19,99.95,S,online,272.0,87.0,0.01,,hotmail.com,C02923,C02923-K1
3055687,2016-07-16 22:10:41,50.07,S,online,272.0,87.0,0.09,,gmail.com,C02923,C02923-K1
3058791,2016-07-17 17:37:17,49.97,R,online,330.0,87.0,0.01,anonymous.com,gmail.com,C02923,C02923-K1
3060486,2016-07-17 22:52:16,75.04,S,online,299.0,87.0,0.71,,,C02923,C02923-K1
3064136,2016-07-18 19:41:11,29.93,H,online,330.0,87.0,0.16,verizon.net,verizon.net,C02923,C02923-K1
3067057,2016-07-19 12:38:20,249.93,R,online,330.0,87.0,0.02,comcast.net,comcast.net,C02923,C02923-K1
3076835,2016-07-21 07:34:14,150.45,W,in_person,330.0,87.0,0.13,gmail.com,,C02923,C02923-K1
3076866,2016-07-21 08:15:36,150.58,W,in_person,330.0,87.0,0.04,gmail.com,,C02923,C02923-K1
3081583,2016-07-22 02:24:51,50.04,R,online,330.0,87.0,0.35,aim.com,gmail.com,C02923,C02923-K1
3082349,2016-07-22 08:10:11,150.57,W,in_person,330.0,87.0,0.03,gmail.com,,C02923,C02923-K1
3082400,2016-07-22 10:54:45,150.5,W,in_person,330.0,87.0,0.1,anonymous.com,,C02923,C02923-K1
3086825,2016-07-23 01:08:14,200.09,R,online,330.0,87.0,0.02,anonymous.com,anonymous.com,C02923,C02923-K1
3087117,2016-07-23 02:08:43,116.95,W,in_person,330.0,87.0,0.1,,,C02923,C02923-K1
3105761,2016-07-26 14:28:12,99.91,S,online,330.0,87.0,0.29,,windstream.net,C02923,C02923-K1
3112142,2016-07-27 17:32:50,975.02,W,in_person,330.0,87.0,0.04,yahoo.com,,C02923,C02923-K1
3119579,2016-07-29 03:21:27,28.98,W,in_person,330.0,87.0,0.27,yahoo.com,,C02923,C02923-K1
3121093,2016-07-29 17:20:14,499.94,W,in_person,330.0,87.0,0.01,verizon.net,,C02923,C02923-K1
3122215,2016-07-29 21:07:55,34.04,W,in_person,330.0,87.0,0.38,yahoo.com,,C02923,C02923-K1
3123633,2016-07-30 03:44:41,106.54,W,in_person,330.0,87.0,0.02,gmail.com,,C02923,C02923-K1
3123943,2016-07-30 06:36:57,117.03,W,in_person,330.0,87.0,0.03,gmail.com,,C02923,C02923-K1
3127669,2016-07-31 04:47:15,108.41,W,in_person,330.0,87.0,0.2,gmail.com,,C02923,C02923-K1
3138319,2016-08-03 15:12:19,389.95,W,in_person,330.0,87.0,0.03,,,C02923,C02923-K1
3147914,2016-08-06 02:27:51,50.05,H,online,330.0,87.0,0.14,gmail.com,gmail.com,C02923,C02923-K1
3185646,2016-08-18 18:36:53,117.01,W,in_person,330.0,87.0,0.25,yahoo.com,,C02923,C02923-K1
3188244,2016-08-19 16:54:50,117.02,W,in_person,330.0,87.0,0.88,yahoo.com,,C02923,C02923-K1
3188252,2016-08-19 16:57:31,116.96,W,in_person,330.0,87.0,0.6,yahoo.com,,C02923,C02923-K1
3189351,2016-08-19 22:08:24,141.09,W,in_person,330.0,87.0,0.09,gmail.com,,C02923,C02923-K1
3190461,2016-08-20 07:02:37,112.08,W,in_person,330.0,87.0,0.08,gmail.com,,C02923,C02923-K1
3196316,2016-08-22 06:17:02,99.91,W,in_person,330.0,87.0,0.09,gmail.com,,C02923,C02923-K1
3202509,2016-08-24 15:33:47,1104.01,W,in_person,330.0,87.0,0.05,,,C02923,C02923-K1
3203069,2016-08-24 18:56:40,1103.96,W,in_person,330.0,87.0,0.37,,,C02923,C02923-K1
3203085,2016-08-24 19:02:15,1104.07,W,in_person,330.0,87.0,0.12,,,C02923,C02923-K1
3203794,2016-08-24 22:28:02,1104.08,W,in_person,330.0,87.0,0.03,,,C02923,C02923-K1
3205296,2016-08-25 16:06:44,117.05,W,in_person,330.0,87.0,0.23,yahoo.com,,C02923,C02923-K1
3205317,2016-08-25 16:13:18,117.07,W,in_person,330.0,87.0,0.69,yahoo.com,,C02923,C02923-K1
3210098,2016-08-27 02:12:29,25.02,S,online,330.0,87.0,0.76,,,C02923,C02923-K1
3211111,2016-08-27 17:12:23,116.96,W,in_person,330.0,87.0,0.63,yahoo.com,,C02923,C02923-K1
3010803,2016-07-05 16:16:59,159.96,W,in_person,191.0,87.0,0.22,anonymous.com,,C07297,C07297-K2
3012743,2016-07-06 00:29:46,226.08,W,in_person,264.0,87.0,0.31,gmail.com,,C07297,C07297-K1
3015809,2016-07-06 21:29:11,120.08,W,in_person,204.0,87.0,0.04,gmail.com,,C07297,C07297-K1
3015958,2016-07-06 22:05:08,130.52,W,in_person,204.0,87.0,0.04,gmail.com,,C07297,C07297-K2
3021030,2016-07-08 05:07:52,39.98,W,in_person,492.0,87.0,0.15,gmail.com,,C07297,C07297-K1
3021302,2016-07-08 13:36:45,663.91,W,in_person,485.0,87.0,0.59,yahoo.com,,C07297,C07297-K1
3021986,2016-07-08 16:59:53,99.98,W,in_person,433.0,87.0,0.12,gmail.com,,C07297,C07297-K2
3022203,2016-07-08 17:45:37,99.99,W,in_person,485.0,87.0,0.02,yahoo.com,,C07297,C07297-K2
3022310,2016-07-08 18:08:53,116.92,W,in_person,485.0,87.0,0.08,yahoo.com,,C07297,C07297-K2
3023034,2016-07-08 20:49:48,48.0,W,in_person,299.0,87.0,0.09,gmail.com,,C07297,C07297-K2
3025749,2016-07-09 16:49:58,47.95,W,in_person,476.0,87.0,0.04,gmail.com,,C07297,C07297-K2
3030455,2016-07-10 20:18:41,49.99,W,in_person,194.0,87.0,0.43,yahoo.com,,C07297,C07297-K2
3034611,2016-07-11 21:01:16,30.96,W,in_person,204.0,87.0,0.04,gmail.com,,C07297,C07297-K2
3034660,2016-07-11 21:12:59,35.95,W,in_person,204.0,87.0,0.07,gmail.com,,C07297,C07297-K2
3036242,2016-07-12 04:04:24,50.01,H,online,264.0,87.0,0.02,gmail.com,,C07297,C07297-K1
3045898,2016-07-14 17:36:43,48.94,W,in_person,204.0,87.0,0.12,gmail.com,,C07297,C07297-K2
3047916,2016-07-15 00:26:35,57.87,W,in_person,253.0,87.0,0.25,,,C07297,C07297-K2
3050917,2016-07-15 20:35:00,160.89,W,in_person,204.0,87.0,0.09,gmail.com,,C07297,C07297-K2
3054333,2016-07-16 17:52:03,47.89,W,in_person,492.0,87.0,0.03,gmail.com,,C07297,C07297-K2
3059233,2016-07-17 18:56:13,57.99,W,in_person,191.0,87.0,0.25,yahoo.com,,C07297,C07297-K2
3062237,2016-07-18 12:33:27,47.87,W,in_person,191.0,87.0,0.05,yahoo.com,,C07297,C07297-K2
3063297,2016-07-18 17:11:39,101.93,W,in_person,204.0,87.0,0.08,gmail.com,,C07297,C07297-K2
3067446,2016-07-19 14:54:02,54.42,W,in_person,264.0,87.0,0.04,gmail.com,,C07297,C07297-K2
3073374,2016-07-20 17:55:00,57.99,W,in_person,315.0,87.0,0.17,gmail.com,,C07297,C07297-K2
3073696,2016-07-20 18:54:13,92.04,W,in_person,204.0,87.0,0.29,gmail.com,,C07297,C07297-K2
3096460,2016-07-24 19:12:34,210.03,W,in_person,191.0,87.0,0.02,anonymous.com,,C07297,C07297-K2
3097523,2016-07-24 21:48:27,57.87,W,in_person,315.0,87.0,0.1,yahoo.com,,C07297,C07297-K2
3101082,2016-07-25 16:45:34,93.04,W,in_person,299.0,87.0,0.08,gmail.com,,C07297,C07297-K2
3107995,2016-07-26 20:18:04,25.03,H,online,476.0,87.0,0.76,yahoo.com,yahoo.com,C07297,C07297-K1
3108213,2016-07-26 20:50:52,56.57,W,in_person,337.0,87.0,0.16,gmail.com,,C07297,C07297-K2
3113298,2016-07-27 20:45:21,170.97,W,in_person,264.0,87.0,0.15,gmail.com,,C07297,C07297-K2
3114703,2016-07-28 01:36:20,107.98,W,in_person,264.0,87.0,0.02,ymail.com,,C07297,C07297-K2
3128932,2016-07-31 18:33:17,171.08,W,in_person,485.0,87.0,0.15,yahoo.com,,C07297,C07297-K2
3129414,2016-07-31 20:20:14,141.07,W,in_person,485.0,87.0,0.05,,,C07297,C07297-K2
3129494,2016-07-31 20:38:07,141.06,W,in_person,485.0,87.0,0.12,yahoo.com,,C07297,C07297-K2
3134241,2016-08-02 03:26:25,48.01,W,in_person,253.0,87.0,0.1,,,C07297,C07297-K2
3134264,2016-08-02 03:41:16,57.88,W,in_person,253.0,87.0,0.06,,,C07297,C07297-K2
3136310,2016-08-02 21:16:09,102.91,W,in_person,194.0,87.0,0.09,yahoo.com,,C07297,C07297-K2
3139764,2016-08-03 21:18:09,140.94,W,in_person,181.0,87.0,0.24,,,C07297,C07297-K2
3144726,2016-08-05 03:49:02,20.94,W,in_person,428.0,87.0,0.04,rocketmail.com,,C07297,C07297-K2
3144755,2016-08-05 04:06:27,36.98,W,in_person,436.0,87.0,0.28,,,C07297,C07297-K2
3144835,2016-08-05 04:59:46,409.99,W,in_person,433.0,87.0,0.12,yahoo.com,,C07297,C07297-K2
3146695,2016-08-05 21:05:08,107.99,W,in_person,191.0,87.0,0.01,anonymous.com,,C07297,C07297-K2
3148413,2016-08-06 12:33:11,500.0,W,in_person,485.0,87.0,0.19,yahoo.com,,C07297,C07297-K2
3155075,2016-08-08 12:09:15,26.03,W,in_person,203.0,87.0,0.04,gmail.com,,C07297,C07297-K2
3002300,2016-07-03 00:57:14,74.97,W,in_person,264.0,87.0,0.24,yahoo.com,,C09933,C09933-K2
3002431,2016-07-03 01:37:21,48.0,W,in_person,264.0,87.0,0.13,,,C09933,C09933-K2
3002742,2016-07-03 03:35:39,199.97,W,in_person,264.0,87.0,0.25,hotmail.com,,C09933,C09933-K2
3002926,2016-07-03 05:52:46,107.98,W,in_person,264.0,87.0,0.01,,,C09933,C09933-K2
3002940,2016-07-03 06:06:17,47.0,W,in_person,264.0,87.0,0.32,yahoo.com,,C09933,C09933-K2
3002976,2016-07-03 06:58:26,58.99,W,in_person,264.0,87.0,0.24,gmail.com,,C09933,C09933-K2
3002983,2016-07-03 07:04:05,50.05,H,online,387.0,87.0,0.64,yahoo.com,gmail.com,C09933,C09933-K2
3002998,2016-07-03 07:23:15,50.06,W,in_person,264.0,87.0,0.21,,,C09933,C09933-K2
3003003,2016-07-03 07:28:07,59.03,W,in_person,264.0,87.0,0.01,gmail.com,,C09933,C09933-K2
3003004,2016-07-03 07:30:41,50.05,H,online,387.0,87.0,0.1,yahoo.com,gmail.com,C09933,C09933-K2
3003079,2016-07-03 11:20:14,500.0,W,in_person,264.0,87.0,0.07,yahoo.com,,C09933,C09933-K2
3003147,2016-07-03 12:37:25,139.97,W,in_person,264.0,87.0,0.02,,,C09933,C09933-K2
3003169,2016-07-03 12:48:59,108.47,W,in_person,204.0,87.0,0.01,,,C09933,C09933-K2
3003637,2016-07-03 15:50:10,54.57,W,in_person,264.0,87.0,0.07,gmail.com,,C09933,C09933-K2
3003666,2016-07-03 15:57:40,24.96,W,in_person,264.0,87.0,0.09,,,C09933,C09933-K2
3003696,2016-07-03 16:06:19,55.38,W,in_person,264.0,87.0,0.1,gmail.com,,C09933,C09933-K2
3003718,2016-07-03 16:11:21,107.91,W,in_person,264.0,87.0,0.04,,,C09933,C09933-K2
3003924,2016-07-03 17:00:00,124.88,W,in_person,264.0,87.0,0.15,yahoo.com,,C09933,C09933-K2
3003998,2016-07-03 17:16:32,107.91,W,in_person,264.0,87.0,0.16,gmail.com,,C09933,C09933-K2
3004094,2016-07-03 17:39:07,205.02,W,in_person,310.0,87.0,0.1,,,C09933,C09933-K2
3004115,2016-07-03 17:43:46,87.93,W,in_person,264.0,87.0,0.01,gmail.com,,C09933,C09933-K2
3004122,2016-07-03 17:45:18,470.05,W,in_person,264.0,87.0,0.13,yahoo.com,,C09933,C09933-K2
3004127,2016-07-03 17:45:30,41.44,W,in_person,264.0,87.0,0.06,,,C09933,C09933-K2
3004271,2016-07-03 18:14:23,87.96,W,in_person,264.0,87.0,0.07,,,C09933,C09933-K2
3004573,2016-07-03 19:29:32,100.06,W,in_person,264.0,87.0,0.31,att.net,,C09933,C09933-K2
3004785,2016-07-03 20:16:09,68.51,W,in_person,264.0,87.0,0.01,yahoo.com,,C09933,C09933-K2
3005491,2016-07-03 22:52:44,53.99,W,in_person,264.0,87.0,0.08,yahoo.com,,C09933,C09933-K2
3005720,2016-07-03 23:43:33,100.02,W,in_person,327.0,87.0,0.08,gmail.com,,C09933,C09933-K2
3005796,2016-07-04 00:00:40,365.58,W,in_person,264.0,87.0,0.12,,,C09933,C09933-K2
3005835,2016-07-04 00:14:51,115.01,W,in_person,264.0,87.0,0.18,,,C09933,C09933-K2
3005863,2016-07-04 00:21:37,40.05,H,online,325.0,87.0,0.66,gmail.com,,C09933,C09933-K2
3006255,2016-07-04 02:04:45,57.94,W,in_person,264.0,87.0,0.08,gmail.com,,C09933,C09933-K2
3006423,2016-07-04 03:13:17,264.98,W,in_person,264.0,87.0,0.11,sbcglobal.net,,C09933,C09933-K2
3006447,2016-07-04 03:23:16,52.9,W,in_person,264.0,87.0,0.19,,,C09933,C09933-K2
3006468,2016-07-04 03:32:21,50.03,W,in_person,264.0,87.0,0.09,gmail.com,,C09933,C09933-K2
3006526,2016-07-04 03:58:51,99.97,H,online,264.0,87.0,0.11,gmail.com,,C09933,C09933-K2
3006980,2016-07-04 14:01:20,47.93,W,in_person,264.0,87.0,0.25,gmail.com,,C09933,C09933-K2
3007244,2016-07-04 15:32:11,92.02,W,in_person,204.0,87.0,0.78,gmail.com,,C09933,C09933-K2
3007416,2016-07-04 16:18:47,114.99,W,in_person,264.0,87.0,0.09,hotmail.com,,C09933,C09933-K2
3007759,2016-07-04 17:43:17,99.92,W,in_person,264.0,87.0,0.15,yahoo.com,,C09933,C09933-K2
3008257,2016-07-04 19:49:43,100.01,W,in_person,264.0,87.0,0.12,gmail.com,,C09933,C09933-K2
3008768,2016-07-04 21:53:28,30.88,W,in_person,264.0,87.0,0.25,yahoo.com,,C09933,C09933-K2
3008785,2016-07-04 21:56:23,48.99,W,in_person,264.0,87.0,0.14,,,C09933,C09933-K2
3009109,2016-07-04 23:13:59,149.95,W,in_person,264.0,87.0,0.14,yahoo.com,,C09933,C09933-K2
3009172,2016-07-04 23:29:34,108.0,W,in_person,264.0,87.0,0.04,yahoo.com,,C09933,C09933-K2
3000061,2016-07-02 00:42:31,78.45,C,online,,,0.03,gmail.com,gmail.com,C13171,C13171-K2
3001790,2016-07-02 22:10:03,48.14,C,online,,,0.05,yahoo.com.mx,yahoo.com.mx,C13171,C13171-K2
3003521,2016-07-03 15:17:38,40.21,C,online,,,0.18,hotmail.com,hotmail.com,C13171,C13171-K2
3003881,2016-07-03 16:47:55,51.44,C,online,,,0.21,gmail.com,gmail.com,C13171,C13171-K2
3004655,2016-07-03 19:46:10,50.84,C,online,,,0.16,anonymous.com,anonymous.com,C13171,C13171-K2
3004954,2016-07-03 20:54:44,63.89,C,online,,,0.01,anonymous.com,anonymous.com,C13171,C13171-K2
3005005,2016-07-03 21:01:32,48.75,C,online,,,0.09,hotmail.com,hotmail.com,C13171,C13171-K2
3005024,2016-07-03 21:05:29,18.63,C,online,,,0.03,hotmail.com,hotmail.com,C13171,C13171-K2
3005101,2016-07-03 21:22:05,81.71,C,online,,,0.14,hotmail.com,hotmail.com,C13171,C13171-K2
3005123,2016-07-03 21:26:13,81.63,C,online,,,0.07,hotmail.com,hotmail.com,C13171,C13171-K2
3005145,2016-07-03 21:29:44,81.64,C,online,,,0.15,hotmail.com,hotmail.com,C13171,C13171-K2
3005721,2016-07-03 23:43:41,11.71,C,online,,,0.17,gmail.com,gmail.com,C13171,C13171-K2
3006222,2016-07-04 01:56:11,122.1,C,online,,,0.09,prodigy.net.mx,prodigy.net.mx,C13171,C13171-K2
3006257,2016-07-04 02:06:05,122.14,C,online,,,0.07,prodigy.net.mx,prodigy.net.mx,C13171,C13171-K2
3006277,2016-07-04 02:11:24,122.26,C,online,,,0.09,prodigy.net.mx,prodigy.net.mx,C13171,C13171-K2
3007447,2016-07-04 16:25:54,86.7,C,online,,,0.15,,,C13171,C13171-K2
3007484,2016-07-04 16:35:34,32.3,C,online,,,0.09,,,C13171,C13171-K2
3007541,2016-07-04 16:49:54,50.43,C,online,,,0.14,,,C13171,C13171-K2
3007627,2016-07-04 17:14:29,170.34,C,online,,,0.18,,,C13171,C13171-K2
3007690,2016-07-04 17:27:37,11.19,C,online,,,0.32,,,C13171,C13171-K2
3007865,2016-07-04 18:10:03,121.2,C,online,,,0.08,,,C13171,C13171-K2
3008727,2016-07-04 21:46:22,41.35,C,online,,,0.17,anonymous.com,anonymous.com,C13171,C13171-K2
3009040,2016-07-04 22:56:09,44.24,C,online,,,0.18,anonymous.com,anonymous.com,C13171,C13171-K2
3009060,2016-07-04 23:00:18,44.88,C,online,,,0.13,anonymous.com,anonymous.com,C13171,C13171-K2
3009364,2016-07-05 00:28:21,85.27,C,online,465.0,60.0,0.23,live.com.mx,live.com.mx,C13171,C13171-K2
3009508,2016-07-05 01:08:46,24.01,C,online,161.0,60.0,0.04,gmail.com,gmail.com,C13171,C13171-K2
3009511,2016-07-05 01:10:08,29.32,C,online,511.0,60.0,0.04,hotmail.com,hotmail.com,C13171,C13171-K2
3011856,2016-07-05 20:53:47,181.49,C,online,,,0.07,yahoo.com.mx,yahoo.com.mx,C13171,C13171-K2
3012151,2016-07-05 22:06:26,76.0,C,online,465.0,60.0,0.4,anonymous.com,anonymous.com,C13171,C13171-K2
3012791,2016-07-06 00:39:06,48.27,C,online,508.0,60.0,0.5,gmail.com,gmail.com,C13171,C13171-K2
3012922,2016-07-06 01:12:14,17.08,C,online,,,0.8,gmail.com,gmail.com,C13171,C13171-K2
3012958,2016-07-06 01:21:17,84.35,C,online,148.0,60.0,0.7,hotmail.com,hotmail.com,C13171,C13171-K2
3014568,2016-07-06 17:09:07,27.75,C,online,161.0,60.0,0.58,gmail.com,gmail.com,C13171,C13171-K2
3018737,2016-07-07 18:41:42,28.19,C,online,242.0,60.0,0.62,gmail.com,gmail.com,C13171,C13171-K2
3022152,2016-07-08 17:35:10,41.88,C,online,,,0.08,anonymous.com,anonymous.com,C13171,C13171-K2
3022270,2016-07-08 18:00:33,23.23,C,online,161.0,60.0,0.26,gmail.com,gmail.com,C13171,C13171-K2
3022783,2016-07-08 19:50:43,41.13,C,online,,,0.1,gmail.com,gmail.com,C13171,C13171-K2
3022865,2016-07-08 20:13:20,13.57,C,online,391.0,60.0,0.75,anonymous.com,anonymous.com,C13171,C13171-K2
3023219,2016-07-08 21:29:59,81.36,C,online,465.0,60.0,0.04,anonymous.com,anonymous.com,C13171,C13171-K2
3023541,2016-07-08 22:37:55,144.63,C,online,465.0,60.0,0.27,hotmail.com,hotmail.com,C13171,C13171-K2
3023895,2016-07-09 00:01:48,41.06,C,online,486.0,60.0,0.03,yahoo.com.mx,yahoo.com.mx,C13171,C13171-K2
3024936,2016-07-09 07:38:45,94.03,C,online,148.0,60.0,0.12,outlook.com,outlook.com,C13171,C13171-K2
3024961,2016-07-09 08:44:43,92.09,C,online,,,0.89,icloud.com,icloud.com,C13171,C13171-K2
3025566,2016-07-09 16:02:18,144.63,C,online,,,0.51,hotmail.com,hotmail.com,C13171,C13171-K2
3025610,2016-07-09 16:14:07,144.78,C,online,,,0.11,hotmail.com,hotmail.com,C13171,C13171-K2
3008420,2016-07-04 20:30:37,50.09,S,online,330.0,87.0,0.2,,yahoo.com,C08299,C08299-K1
3029127,2016-07-10 14:51:54,70.06,S,online,330.0,87.0,0.11,,gmail.com,C08299,C08299-K1
3034459,2016-07-11 20:27:14,29.96,S,online,330.0,87.0,0.33,,gmail.com,C08299,C08299-K1
3036600,2016-07-12 13:09:36,58.97,W,in_person,441.0,87.0,0.06,gmail.com,,C08299,C08299-K1
3037041,2016-07-12 15:48:12,54.57,W,in_person,441.0,87.0,0.4,gmail.com,,C08299,C08299-K1
3048209,2016-07-15 01:37:51,49.94,H,online,330.0,87.0,0.12,anonymous.com,,C08299,C08299-K1
3072009,2016-07-20 13:37:20,100.03,S,online,184.0,87.0,0.62,,anonymous.com,C08299,C08299-K1
3076269,2016-07-21 02:46:25,275.01,S,online,330.0,87.0,0.02,,aol.com,C08299,C08299-K1
3076305,2016-07-21 02:53:20,274.92,S,online,330.0,87.0,0.2,,aol.com,C08299,C08299-K1
3078147,2016-07-21 17:04:30,70.08,S,online,330.0,87.0,0.05,,gmail.com,C08299,C08299-K1
3080225,2016-07-21 22:12:05,99.96,S,online,330.0,87.0,0.21,,live.com,C08299,C08299-K1
3083864,2016-07-22 17:32:33,49.96,S,online,330.0,87.0,0.12,,gmail.com,C08299,C08299-K1
3089258,2016-07-23 16:42:23,4.98,S,online,184.0,87.0,0.18,,hotmail.com,C08299,C08299-K1
3114008,2016-07-27 23:01:57,92.05,W,in_person,203.0,87.0,0.03,,,C08299,C08299-K1
3114222,2016-07-27 23:43:22,49.98,S,online,330.0,87.0,0.12,,live.com,C08299,C08299-K1
3116388,2016-07-28 16:14:52,25.06,S,online,330.0,87.0,0.16,,hotmail.com,C08299,C08299-K1
3138351,2016-08-03 15:22:20,49.99,S,online,330.0,87.0,0.08,,gmail.com,C08299,C08299-K1
3147680,2016-08-06 01:12:00,24.95,S,online,337.0,87.0,0.06,,gmail.com,C08299,C08299-K1
3151767,2016-08-07 13:40:36,116.92,W,in_person,441.0,87.0,0.06,anonymous.com,,C08299,C08299-K1
3166999,2016-08-12 03:17:24,50.03,S,online,330.0,87.0,0.15,,gmail.com,C08299,C08299-K1
3184681,2016-08-18 08:22:04,49.94,S,online,330.0,87.0,0.1,,gmail.com,C08299,C08299-K1
3184683,2016-08-18 08:32:00,49.95,S,online,330.0,87.0,0.43,,gmail.com,C08299,C08299-K1
3184770,2016-08-18 12:29:59,25.07,S,online,330.0,87.0,0.17,,gmail.com,C08299,C08299-K1
3184779,2016-08-18 12:51:54,25.02,S,online,330.0,87.0,0.12,,gmail.com,C08299,C08299-K1
3226142,2016-09-01 19:45:31,58.97,W,in_person,441.0,87.0,0.26,anonymous.com,,C08299,C08299-K1
3328963,2016-10-03 22:27:43,19.99,S,online,330.0,87.0,0.28,,anonymous.com,C08299,C08299-K1
3330698,2016-10-04 14:10:39,50.0,S,online,204.0,87.0,0.34,,gmail.com,C08299,C08299-K1
3330702,2016-10-04 14:11:19,49.96,S,online,204.0,87.0,0.51,,gmail.com,C08299,C08299-K1
3330761,2016-10-04 14:36:40,50.06,S,online,204.0,87.0,0.36,,gmail.com,C08299,C08299-K1
3336533,2016-10-05 22:13:08,343.94,W,in_person,337.0,87.0,0.12,hotmail.com,,C08299,C08299-K1
3342487,2016-10-07 18:39:24,30.04,S,online,325.0,87.0,0.32,,icloud.com,C08299,C08299-K1
3362873,2016-10-14 01:58:17,9.91,S,online,330.0,87.0,0.69,,anonymous.com,C08299,C08299-K1
3381003,2016-10-20 05:53:10,25.08,S,online,330.0,87.0,0.12,,gmail.com,C08299,C08299-K1
3381749,2016-10-20 16:33:55,29.96,S,online,330.0,87.0,0.02,,gmail.com,C08299,C08299-K1
3389674,2016-10-23 02:34:42,19.98,S,online,330.0,87.0,0.81,,anonymous.com,C08299,C08299-K1
3390612,2016-10-23 16:17:04,50.09,S,online,204.0,87.0,0.09,,gmail.com,C08299,C08299-K1
3438059,2016-11-07 14:40:50,99.92,S,online,337.0,87.0,0.09,,yahoo.com,C08299,C08299-K1
3483187,2016-11-24 11:37:46,24.91,S,online,330.0,87.0,0.2,,yahoo.com,C08299,C08299-K1
3483198,2016-11-24 11:50:48,25.03,S,online,330.0,87.0,0.2,,yahoo.com,C08299,C08299-K1
3497063,2016-11-29 14:03:43,49.93,S,online,204.0,87.0,0.62,,gmail.com,C08299,C08299-K1
3507659,2016-12-02 19:27:09,50.07,S,online,330.0,87.0,0.71,,gmail.com,C08299,C08299-K1
3507660,2016-12-02 19:27:30,39.91,S,online,330.0,87.0,0.43,,gmail.com,C08299,C08299-K1
3507672,2016-12-02 19:30:35,49.92,S,online,330.0,87.0,0.26,,gmail.com,C08299,C08299-K1
3539034,2016-12-13 14:53:53,99.98,S,online,330.0,87.0,0.33,,yahoo.com,C08299,C08299-K1
3545489,2016-12-15 16:07:11,29.97,S,online,330.0,87.0,0.23,,gmail.com,C08299,C08299-K1
3016377,2016-07-06 23:54:46,50.04,W,in_person,469.0,87.0,0.31,gmail.com,,C10434,C10434-K1
3053503,2016-07-16 14:43:53,24.99,H,online,469.0,87.0,0.33,yahoo.com,yahoo.com,C10434,C10434-K1
3070986,2016-07-20 02:14:36,99.99,R,online,469.0,87.0,0.2,anonymous.com,anonymous.com,C10434,C10434-K1
3075894,2016-07-21 01:29:53,25.06,H,online,469.0,87.0,0.57,gmail.com,gmail.com,C10434,C10434-K1
3076736,2016-07-21 05:56:18,50.05,R,online,330.0,87.0,0.93,msn.com,gmail.com,C10434,C10434-K1
3078052,2016-07-21 16:49:52,49.91,R,online,469.0,87.0,0.08,gmail.com,gmail.com,C10434,C10434-K1
3082326,2016-07-22 07:27:17,669.99,W,in_person,220.0,87.0,0.48,,,C10434,C10434-K1
3082968,2016-07-22 15:01:40,83.01,W,in_person,469.0,87.0,0.01,msn.com,,C10434,C10434-K1
3087486,2016-07-23 03:44:14,50.05,H,online,469.0,87.0,0.61,netzero.com,yahoo.com,C10434,C10434-K1
3091950,2016-07-23 23:01:03,100.06,R,online,469.0,87.0,0.2,gmail.com,gmail.com,C10434,C10434-K1
3094730,2016-07-24 15:14:12,59.92,H,online,418.0,87.0,0.01,hotmail.com,gmail.com,C10434,C10434-K1
3121617,2016-07-29 19:09:13,99.99,R,online,469.0,87.0,0.04,gmail.com,gmail.com,C10434,C10434-K1
3139246,2016-08-03 19:08:34,68.98,W,in_person,220.0,87.0,0.07,gmail.com,,C10434,C10434-K1
3157522,2016-08-09 00:42:00,44.43,W,in_person,469.0,87.0,0.13,msn.com,,C10434,C10434-K1
3193185,2016-08-21 03:48:42,67.98,W,in_person,469.0,87.0,0.25,gmail.com,,C10434,C10434-K1
3197356,2016-08-22 18:28:49,171.01,W,in_person,272.0,87.0,0.36,comcast.net,,C10434,C10434-K1
3197666,2016-08-22 20:01:19,160.55,W,in_person,272.0,87.0,0.09,comcast.net,,C10434,C10434-K1
3217858,2016-08-29 21:49:47,670.0,W,in_person,220.0,87.0,0.62,,,C10434,C10434-K1
3237339,2016-09-04 22:36:09,124.99,R,online,469.0,87.0,0.02,icloud.com,gmail.com,C10434,C10434-K1
3237387,2016-09-04 22:52:43,125.04,R,online,469.0,87.0,0.06,icloud.com,anonymous.com,C10434,C10434-K1
3282542,2016-09-19 21:56:32,19.92,H,online,469.0,87.0,0.01,gmail.com,gmail.com,C10434,C10434-K1
3282661,2016-09-19 22:25:01,19.98,H,online,469.0,87.0,0.05,gmail.com,gmail.com,C10434,C10434-K1
3292160,2016-09-23 12:09:14,100.07,R,online,204.0,87.0,0.69,icloud.com,me.com,C10434,C10434-K1
3306585,2016-09-28 00:47:14,670.04,W,in_person,220.0,87.0,0.56,,,C10434,C10434-K1
3329022,2016-10-03 22:42:18,58.96,W,in_person,469.0,87.0,0.18,yahoo.com,,C10434,C10434-K1
3350771,2016-10-10 03:45:59,59.01,W,in_person,469.0,87.0,0.16,yahoo.com,,C10434,C10434-K1
3351935,2016-10-10 17:56:42,59.04,W,in_person,469.0,87.0,0.05,yahoo.com,,C10434,C10434-K1
3392418,2016-10-24 01:06:51,58.01,W,in_person,469.0,87.0,0.01,gmail.com,,C10434,C10434-K1
3397310,2016-10-25 19:33:28,29.97,H,online,469.0,87.0,0.25,yahoo.com,,C10434,C10434-K1
3411190,2016-10-30 02:24:45,146.06,W,in_person,469.0,87.0,0.04,yahoo.com,,C10434,C10434-K1
3419055,2016-11-01 16:35:29,117.06,W,in_person,469.0,87.0,0.09,hotmail.com,,C10434,C10434-K1
3475344,2016-11-21 06:09:47,96.98,W,in_person,469.0,87.0,0.04,,,C10434,C10434-K1
3492086,2016-11-27 17:54:39,100.04,R,online,469.0,87.0,0.2,comcast.net,gmail.com,C10434,C10434-K1
3519858,2016-12-06 19:27:28,100.03,R,online,469.0,87.0,0.19,anonymous.com,anonymous.com,C10434,C10434-K1
3577244,2016-12-26 20:09:00,107.96,W,in_person,469.0,87.0,0.03,comcast.net,,C10434,C10434-K1
3000008,2016-07-02 00:06:21,14.38,C,online,,,0.02,gmail.com,gmail.com,C11923,C11923-K2
3000016,2016-07-02 00:11:07,28.67,C,online,,,0.82,hotmail.com,hotmail.com,C11923,C11923-K2
3000020,2016-07-02 00:14:10,17.92,C,online,,,0.07,hotmail.com,hotmail.com,C11923,C11923-K2
3000041,2016-07-02 00:32:34,7.05,C,online,,,0.09,gmail.com,gmail.com,C11923,C11923-K2
3000057,2016-07-02 00:40:53,18.25,C,online,,,0.21,hotmail.com,hotmail.com,C11923,C11923-K2
3000078,2016-07-02 00:54:56,23.36,C,online,,,0.15,hotmail.com,hotmail.com,C11923,C11923-K2
3000079,2016-07-02 00:54:57,38.8,C,online,,,0.23,hotmail.com,hotmail.com,C11923,C11923-K2
3000093,2016-07-02 01:01:12,17.17,C,online,,,0.31,hotmail.com,hotmail.com,C11923,C11923-K2
3000113,2016-07-02 01:14:03,23.37,C,online,,,0.23,hotmail.com,hotmail.com,C11923,C11923-K2
3000114,2016-07-02 01:14:07,51.96,C,online,,,0.05,hotmail.com,hotmail.com,C11923,C11923-K2
3000123,2016-07-02 01:18:00,8.13,C,online,,,0.63,hotmail.com,hotmail.com,C11923,C11923-K2
3000127,2016-07-02 01:20:30,75.31,C,online,,,0.11,gmail.com,gmail.com,C11923,C11923-K2
3000164,2016-07-02 01:49:56,15.68,C,online,,,0.1,hotmail.com,hotmail.com,C11923,C11923-K2
3000172,2016-07-02 01:59:13,19.17,C,online,,,0.57,gmail.com,gmail.com,C11923,C11923-K2
3000190,2016-07-02 02:19:56,32.36,C,online,,,0.68,gmail.com,gmail.com,C11923,C11923-K2
3000197,2016-07-02 02:27:13,15.31,C,online,,,0.01,gmail.com,gmail.com,C11923,C11923-K2
3000204,2016-07-02 02:33:09,7.31,C,online,,,0.1,gmail.com,gmail.com,C11923,C11923-K2
3000217,2016-07-02 02:42:30,28.41,C,online,,,0.28,gmail.com,gmail.com,C11923,C11923-K2
3000232,2016-07-02 02:53:29,8.09,C,online,,,0.09,hotmail.com,hotmail.com,C11923,C11923-K2
3000242,2016-07-02 03:04:11,14.46,C,online,,,0.13,hotmail.com,hotmail.com,C11923,C11923-K2
3000274,2016-07-02 03:57:01,12.41,C,online,,,0.67,hotmail.com,hotmail.com,C11923,C11923-K2
3000280,2016-07-02 04:05:53,12.39,C,online,,,0.04,hotmail.com,hotmail.com,C11923,C11923-K2
3000305,2016-07-02 04:49:23,12.6,C,online,,,0.13,gmail.com,gmail.com,C11923,C11923-K2
3000314,2016-07-02 05:05:15,13.5,C,online,,,0.02,hotmail.com,hotmail.com,C11923,C11923-K2
3000321,2016-07-02 05:23:59,35.64,C,online,,,0.44,hotmail.com,hotmail.com,C11923,C11923-K2
3000322,2016-07-02 05:24:55,9.62,C,online,,,0.14,gmail.com,gmail.com,C11923,C11923-K2
3000381,2016-07-02 06:49:29,38.63,C,online,,,0.04,hotmail.com,hotmail.com,C11923,C11923-K2
3000519,2016-07-02 12:09:27,15.72,C,online,,,0.07,outlook.com,outlook.com,C11923,C11923-K2
3000736,2016-07-02 14:52:04,30.57,C,online,,,0.04,icloud.com,icloud.com,C11923,C11923-K2
3000805,2016-07-02 15:23:06,67.17,C,online,,,0.04,gmail.com,gmail.com,C11923,C11923-K2
3000815,2016-07-02 15:27:22,104.13,C,online,,,0.07,gmail.com,gmail.com,C11923,C11923-K2
3000932,2016-07-02 16:22:01,87.0,C,online,,,0.1,gmail.com,gmail.com,C11923,C11923-K2
3000945,2016-07-02 16:26:47,85.14,C,online,,,0.07,outlook.com,outlook.com,C11923,C11923-K2
3000960,2016-07-02 16:30:58,15.64,C,online,,,0.58,gmail.com,gmail.com,C11923,C11923-K2
3001027,2016-07-02 17:01:29,34.29,C,online,,,0.07,gmail.com,gmail.com,C11923,C11923-K2
3001102,2016-07-02 17:33:10,18.46,C,online,,,0.29,hotmail.com,hotmail.com,C11923,C11923-K2
3001283,2016-07-02 18:42:07,10.12,C,online,,,0.06,anonymous.com,anonymous.com,C11923,C11923-K2
3001307,2016-07-02 18:50:53,17.16,C,online,,,0.11,hotmail.com,hotmail.com,C11923,C11923-K2
3001386,2016-07-02 19:21:11,33.11,C,online,,,0.28,hotmail.com,hotmail.com,C11923,C11923-K2
3001433,2016-07-02 19:35:55,80.47,C,online,,,0.05,hotmail.com,hotmail.com,C11923,C11923-K2
3001502,2016-07-02 20:07:48,31.41,C,online,,,0.01,anonymous.com,anonymous.com,C11923,C11923-K2
3001522,2016-07-02 20:17:14,29.32,C,online,,,0.1,hotmail.com,hotmail.com,C11923,C11923-K2
3001528,2016-07-02 20:20:38,14.54,C,online,,,0.35,yahoo.com,yahoo.com,C11923,C11923-K2
3001546,2016-07-02 20:31:32,32.24,C,online,,,0.21,hotmail.com,hotmail.com,C11923,C11923-K2
3001651,2016-07-02 21:08:48,48.87,C,online,,,0.35,live.com,live.com,C11923,C11923-K2
3000607,2016-07-02 13:34:01,442.92,W,in_person,204.0,87.0,0.91,gmail.com,,C05876,C05876-K2
3000760,2016-07-02 15:01:52,37.97,W,in_person,184.0,87.0,0.13,gmail.com,,C05876,C05876-K2
3001211,2016-07-02 18:16:26,107.02,W,in_person,272.0,87.0,0.24,gmail.com,,C05876,C05876-K2
3001567,2016-07-02 20:37:52,257.88,W,in_person,204.0,87.0,0.01,gmail.com,,C05876,C05876-K2
3002455,2016-07-03 01:44:24,33.21,W,in_person,325.0,87.0,0.11,gmail.com,,C05876,C05876-K2
3002561,2016-07-03 02:17:07,53.04,W,in_person,272.0,87.0,0.34,gmail.com,,C05876,C05876-K2
3002601,2016-07-03 02:30:00,6.04,S,online,203.0,87.0,0.8,,gmail.com,C05876,C05876-K2
3002670,2016-07-03 02:59:54,5.99,S,online,203.0,87.0,0.11,,gmail.com,C05876,C05876-K2
3002741,2016-07-03 03:35:35,20.08,H,online,181.0,87.0,0.15,gmail.com,anonymous.com,C05876,C05876-K2
3004184,2016-07-03 17:54:34,39.56,W,in_person,272.0,87.0,0.1,aol.com,,C05876,C05876-K2
3004563,2016-07-03 19:26:33,30.0,W,in_person,472.0,87.0,0.03,gmail.com,,C05876,C05876-K2
3005038,2016-07-03 21:08:08,78.53,W,in_person,325.0,87.0,0.13,ymail.com,,C05876,C05876-K2
3005208,2016-07-03 21:46:25,130.97,W,in_person,436.0,87.0,0.19,yahoo.com,,C05876,C05876-K2
3005260,2016-07-03 21:59:55,74.95,R,online,299.0,87.0,0.1,gmail.com,gmail.com,C05876,C05876-K2
3008710,2016-07-04 21:42:57,52.87,W,in_person,181.0,87.0,0.16,gmail.com,,C05876,C05876-K2
3008961,2016-07-04 22:38:52,29.91,W,in_person,472.0,87.0,0.01,gmail.com,,C05876,C05876-K2
3009427,2016-07-05 00:46:43,34.01,W,in_person,264.0,87.0,0.1,,,C05876,C05876-K2
3009623,2016-07-05 01:43:06,49.97,W,in_person,494.0,87.0,0.48,yahoo.com,,C05876,C05876-K2
3009697,2016-07-05 02:04:55,50.05,W,in_person,494.0,87.0,0.11,yahoo.com,,C05876,C05876-K2
3009898,2016-07-05 03:24:18,108.04,W,in_person,272.0,87.0,0.49,hotmail.com,,C05876,C05876-K2
3009981,2016-07-05 04:08:00,97.94,W,in_person,204.0,87.0,0.06,icloud.com,,C05876,C05876-K2
3011445,2016-07-05 19:08:26,29.02,W,in_person,325.0,87.0,0.01,gmail.com,,C05876,C05876-K2
3011673,2016-07-05 20:07:48,54.48,W,in_person,251.0,87.0,0.15,gmail.com,,C05876,C05876-K2
3012674,2016-07-06 00:13:33,48.46,W,in_person,264.0,87.0,0.43,gmail.com,,C05876,C05876-K2
3013006,2016-07-06 01:35:58,49.06,W,in_person,264.0,87.0,0.19,,,C05876,C05876-K2
3014164,2016-07-06 15:40:34,19.93,W,in_person,472.0,87.0,0.08,gmail.com,,C05876,C05876-K2
3014174,2016-07-06 15:42:45,140.01,W,in_person,264.0,87.0,0.1,,,C05876,C05876-K2
3015762,2016-07-06 21:16:48,40.42,W,in_person,308.0,87.0,0.11,gmail.com,,C05876,C05876-K2
3015971,2016-07-06 22:08:49,49.91,W,in_person,472.0,87.0,0.06,gmail.com,,C05876,C05876-K2
3017897,2016-07-07 15:15:32,30.06,S,online,123.0,87.0,0.05,,gmail.com,C05876,C05876-K2
3018463,2016-07-07 17:44:45,33.0,W,in_person,204.0,87.0,0.15,yahoo.com,,C05876,C05876-K2
3019880,2016-07-07 22:54:51,54.99,W,in_person,472.0,87.0,0.09,gmail.com,,C05876,C05876-K2
3021294,2016-07-08 13:31:33,107.94,W,in_person,325.0,87.0,0.06,gmail.com,,C05876,C05876-K2
3022491,2016-07-08 18:50:19,40.06,W,in_person,123.0,87.0,0.15,yahoo.com,,C05876,C05876-K2
3022704,2016-07-08 19:36:53,24.99,S,online,330.0,87.0,0.09,,yahoo.com,C05876,C05876-K2
3022777,2016-07-08 19:49:52,24.94,S,online,330.0,87.0,0.5,,yahoo.com,C05876,C05876-K2
3024361,2016-07-09 01:56:54,117.07,W,in_person,472.0,87.0,0.02,gmail.com,,C05876,C05876-K2
3024495,2016-07-09 02:40:47,97.03,W,in_person,184.0,87.0,0.01,gmail.com,,C05876,C05876-K2
3024541,2016-07-09 02:54:34,48.99,W,in_person,299.0,87.0,0.18,gmail.com,,C05876,C05876-K2
3024569,2016-07-09 03:04:20,57.93,W,in_person,181.0,87.0,0.01,,,C05876,C05876-K2
3024812,2016-07-09 05:07:41,59.03,W,in_person,264.0,87.0,0.27,aol.com,,C05876,C05876-K2
3025508,2016-07-09 15:48:59,59.02,W,in_person,472.0,87.0,0.05,gmail.com,,C05876,C05876-K2
3025536,2016-07-09 15:58:18,59.02,W,in_person,472.0,87.0,0.25,gmail.com,,C05876,C05876-K2
3025786,2016-07-09 16:59:12,97.05,W,in_person,184.0,87.0,0.09,gmail.com,,C05876,C05876-K2
3026003,2016-07-09 17:46:58,96.92,W,in_person,184.0,87.0,0.08,gmail.com,,C05876,C05876-K2
3000751,2016-07-02 14:58:42,99.92,W,in_person,264.0,87.0,0.22,yahoo.com,,C07671,C07671-K2
3000770,2016-07-02 15:07:35,116.93,W,in_person,264.0,87.0,0.04,yahoo.com,,C07671,C07671-K2
3000798,2016-07-02 15:19:51,100.0,W,in_person,264.0,87.0,0.07,yahoo.com,,C07671,C07671-K2
3000948,2016-07-02 16:27:28,312.0,W,in_person,264.0,87.0,0.02,,,C07671,C07671-K2
3001294,2016-07-02 18:46:01,340.0,W,in_person,264.0,87.0,0.2,gmail.com,,C07671,C07671-K2
3001693,2016-07-02 21:23:56,29.01,W,in_person,264.0,87.0,0.02,yahoo.com,,C07671,C07671-K2
3001793,2016-07-02 22:10:40,87.05,W,in_person,264.0,87.0,0.03,gmail.com,,C07671,C07671-K2
3001935,2016-07-02 23:10:13,57.95,W,in_person,110.0,87.0,0.16,yahoo.com,,C07671,C07671-K2
3002124,2016-07-03 00:15:49,130.98,W,in_person,264.0,87.0,0.05,yahoo.com,,C07671,C07671-K2
3002337,2016-07-03 01:07:44,23.92,W,in_person,264.0,87.0,0.06,gmail.com,,C07671,C07671-K2
3002669,2016-07-03 02:59:04,107.88,W,in_person,264.0,87.0,0.3,gmail,,C07671,C07671-K2
3002866,2016-07-03 04:55:58,58.92,W,in_person,310.0,87.0,0.16,yahoo.com,,C07671,C07671-K2
3002969,2016-07-03 06:48:27,42.88,W,in_person,264.0,87.0,0.1,gmail.com,,C07671,C07671-K2
3003128,2016-07-03 12:19:24,104.03,W,in_person,264.0,87.0,0.07,gmail,,C07671,C07671-K2
3003290,2016-07-03 13:57:58,99.95,W,in_person,264.0,87.0,0.16,anonymous.com,,C07671,C07671-K2
3003602,2016-07-03 15:39:34,53.97,W,in_person,264.0,87.0,0.06,,,C07671,C07671-K2
3003919,2016-07-03 16:58:35,28.98,W,in_person,264.0,87.0,0.2,,,C07671,C07671-K2
3003979,2016-07-03 17:12:25,43.95,W,in_person,264.0,87.0,0.08,gmail.com,,C07671,C07671-K2
3004190,2016-07-03 17:55:21,39.03,W,in_person,264.0,87.0,0.17,,,C07671,C07671-K2
3004347,2016-07-03 18:35:53,250.06,W,in_person,264.0,87.0,0.18,gmail.com,,C07671,C07671-K2
3004421,2016-07-03 18:52:46,57.9,W,in_person,264.0,87.0,0.03,,,C07671,C07671-K2
3004479,2016-07-03 19:07:27,117.0,W,in_person,264.0,87.0,0.07,gmail.com,,C07671,C07671-K2
3004653,2016-07-03 19:45:22,107.98,W,in_person,310.0,87.0,0.05,yahoo.com,,C07671,C07671-K2
3005073,2016-07-03 21:15:05,25.08,W,in_person,264.0,87.0,0.12,gmail.com,,C07671,C07671-K2
3005142,2016-07-03 21:29:21,107.88,W,in_person,264.0,87.0,0.03,gmail.com,,C07671,C07671-K2
3005331,2016-07-03 22:16:29,38.94,W,in_person,264.0,87.0,0.04,gmail.com,,C07671,C07671-K2
3005593,2016-07-03 23:17:51,272.99,W,in_person,264.0,87.0,0.11,me.com,,C07671,C07671-K2
3005776,2016-07-03 23:55:05,192.94,W,in_person,264.0,87.0,0.18,,,C07671,C07671-K2
3005777,2016-07-03 23:55:33,209.94,W,in_person,264.0,87.0,0.2,yahoo.com,,C07671,C07671-K2
3005783,2016-07-03 23:56:40,99.97,W,in_person,264.0,87.0,0.06,yahoo.com,,C07671,C07671-K2
3005964,2016-07-04 00:46:27,108.98,W,in_person,264.0,87.0,0.12,gmail.com,,C07671,C07671-K2
3005986,2016-07-04 00:54:07,50.03,W,in_person,264.0,87.0,0.32,gmail.com,,C07671,C07671-K2
3006154,2016-07-04 01:36:33,23.96,W,in_person,264.0,87.0,0.08,gmail.com,,C07671,C07671-K2
3006179,2016-07-04 01:45:28,108.03,W,in_person,264.0,87.0,0.1,gmail,,C07671,C07671-K2
3006284,2016-07-04 02:14:51,36.31,W,in_person,110.0,87.0,0.13,gmail.com,,C07671,C07671-K2
3006372,2016-07-04 02:46:28,35.93,W,in_person,110.0,87.0,0.27,gmail.com,,C07671,C07671-K2
3006411,2016-07-04 03:09:15,77.05,W,in_person,264.0,87.0,0.25,,,C07671,C07671-K2
3006444,2016-07-04 03:22:46,31.95,W,in_person,264.0,87.0,0.04,gmail.com,,C07671,C07671-K2
3006583,2016-07-04 04:36:47,140.0,W,in_person,264.0,87.0,0.14,hotmail.com,,C07671,C07671-K2
3006634,2016-07-04 05:14:59,445.01,W,in_person,264.0,87.0,0.02,yahoo.com,,C07671,C07671-K2
3006804,2016-07-04 11:46:51,79.93,W,in_person,264.0,87.0,0.13,,,C07671,C07671-K2
3006812,2016-07-04 11:58:38,86.03,W,in_person,264.0,87.0,0.09,,,C07671,C07671-K2
3007762,2016-07-04 17:44:27,87.06,W,in_person,264.0,87.0,0.13,outlook.com,,C07671,C07671-K2
3007767,2016-07-04 17:45:59,57.97,W,in_person,264.0,87.0,0.07,gmail.com,,C07671,C07671-K2
3007780,2016-07-04 17:49:48,57.91,W,in_person,264.0,87.0,0.24,gmail.com,,C07671,C07671-K2
3008103,2016-07-04 19:14:19,80.93,W,in_person,191.0,87.0,0.08,,,C13487,C13487-K1
3033906,2016-07-11 18:33:09,31.03,W,in_person,191.0,87.0,0.22,,,C13487,C13487-K1
3048762,2016-07-15 05:20:06,58.95,W,in_person,191.0,87.0,0.15,anonymous.com,,C13487,C13487-K1
3056677,2016-07-17 01:51:12,50.01,W,in_person,272.0,87.0,0.06,gmail.com,,C13487,C13487-K1
3060144,2016-07-17 21:43:18,58.03,W,in_person,191.0,87.0,0.01,,,C13487,C13487-K1
3064061,2016-07-18 19:28:51,57.88,W,in_person,191.0,87.0,0.01,,,C13487,C13487-K1
3069675,2016-07-19 21:45:30,31.03,W,in_person,272.0,87.0,0.2,gmail.com,,C13487,C13487-K1
3089291,2016-07-23 16:46:47,57.98,W,in_person,272.0,87.0,0.55,gmail.com,,C13487,C13487-K1
3101009,2016-07-25 16:34:09,57.98,W,in_person,191.0,87.0,0.31,,,C13487,C13487-K1
3107704,2016-07-26 19:30:57,35.9,W,in_person,272.0,87.0,0.1,gmail.com,,C13487,C13487-K1
3124990,2016-07-30 16:53:58,58.04,W,in_person,272.0,87.0,0.02,gmail.com,,C13487,C13487-K1
3132954,2016-08-01 21:18:47,57.99,W,in_person,191.0,87.0,0.05,,,C13487,C13487-K1
3138748,2016-08-03 17:10:17,57.99,W,in_person,272.0,87.0,0.08,gmail.com,,C13487,C13487-K1
3138777,2016-08-03 17:18:19,35.93,W,in_person,272.0,87.0,0.23,gmail.com,,C13487,C13487-K1
3145429,2016-08-05 15:43:16,78.01,W,in_person,272.0,87.0,0.15,gmail.com,,C13487,C13487-K1
3156179,2016-08-08 18:54:34,77.87,W,in_person,191.0,87.0,0.07,,,C13487,C13487-K1
3160002,2016-08-09 21:54:30,170.97,W,in_person,191.0,87.0,0.14,outlook.com,,C13487,C13487-K1
3162164,2016-08-10 17:56:11,58.02,W,in_person,272.0,87.0,0.04,gmail.com,,C13487,C13487-K1
3166466,2016-08-11 23:57:44,107.96,W,in_person,272.0,87.0,0.32,gmail.com,,C13487,C13487-K1
3166518,2016-08-12 00:14:36,77.88,W,in_person,272.0,87.0,0.08,gmail.com,,C13487,C13487-K1
3166525,2016-08-12 00:15:51,77.97,W,in_person,272.0,87.0,0.17,gmail.com,,C13487,C13487-K1
3170774,2016-08-13 17:36:30,39.0,W,in_person,191.0,87.0,0.17,gmail.com,,C13487,C13487-K1
3179654,2016-08-16 18:01:41,57.93,W,in_person,191.0,87.0,0.29,,,C13487,C13487-K1
3182101,2016-08-17 15:24:50,88.03,W,in_person,272.0,87.0,0.04,gmail.com,,C13487,C13487-K1
3197482,2016-08-22 19:05:17,54.0,W,in_person,191.0,87.0,0.08,,,C13487,C13487-K1
3197562,2016-08-22 19:29:13,40.02,W,in_person,272.0,87.0,0.04,gmail.com,,C13487,C13487-K1
3202624,2016-08-24 16:25:07,58.01,W,in_person,272.0,87.0,0.13,gmail.com,,C13487,C13487-K1
3219583,2016-08-30 16:04:08,48.0,W,in_person,272.0,87.0,0.14,gmail.com,,C13487,C13487-K1
3221711,2016-08-31 03:03:06,58.02,W,in_person,191.0,87.0,0.09,,,C13487,C13487-K1
3228563,2016-09-02 15:20:49,57.96,W,in_person,191.0,87.0,0.13,gmail.com,,C13487,C13487-K1
3232776,2016-09-03 17:58:00,57.96,W,in_person,191.0,87.0,0.27,,,C13487,C13487-K1
3237296,2016-09-04 22:28:31,48.04,W,in_person,272.0,87.0,0.12,gmail.com,,C13487,C13487-K1
3244477,2016-09-07 00:13:45,25.95,W,in_person,272.0,87.0,0.23,bellsouth.net,,C13487,C13487-K1
3245742,2016-09-07 15:36:49,47.86,W,in_person,191.0,87.0,0.16,,,C13487,C13487-K1
3258184,2016-09-11 18:53:01,30.87,W,in_person,272.0,87.0,0.09,gmail.com,,C13487,C13487-K1
3266679,2016-09-14 17:02:39,47.99,W,in_person,191.0,87.0,0.42,,,C13487,C13487-K1
3275104,2016-09-17 13:35:20,58.02,W,in_person,272.0,87.0,0.09,bellsouth.net,,C13487,C13487-K1
3284106,2016-09-20 15:05:32,67.93,W,in_person,191.0,87.0,0.03,,,C13487,C13487-K1
3289729,2016-09-22 15:41:59,47.92,W,in_person,272.0,87.0,0.23,gmail.com,,C13487,C13487-K1
3302405,2016-09-26 20:14:01,30.91,W,in_person,272.0,87.0,0.03,gmail.com,,C13487,C13487-K1
3307773,2016-09-28 15:25:53,107.91,W,in_person,272.0,87.0,0.15,gmail.com,,C13487,C13487-K1
3307780,2016-09-28 15:28:47,107.89,W,in_person,272.0,87.0,0.14,gmail.com,,C13487,C13487-K1
3307900,2016-09-28 16:06:34,55.92,W,in_person,191.0,87.0,0.02,,,C13487,C13487-K1
3323111,2016-10-02 16:35:23,100.02,R,online,191.0,87.0,0.57,yahoo.com,gmail.com,C13487,C13487-K1
3326424,2016-10-03 10:32:12,58.03,W,in_person,191.0,87.0,0.09,,,C13487,C13487-K1
3001718,2016-07-02 21:33:32,99.92,H,online,330.0,87.0,0.39,gmail.com,gmail.com,C03042,C03042-K1
3006031,2016-07-04 01:06:29,100.02,S,online,337.0,87.0,0.59,,verizon.net,C03042,C03042-K1
3006117,2016-07-04 01:27:28,20.06,H,online,325.0,87.0,0.02,gmail.com,,C03042,C03042-K1
3006493,2016-07-04 03:44:11,99.93,H,online,177.0,87.0,0.15,gmail.com,,C03042,C03042-K1
3006928,2016-07-04 13:32:19,100.08,S,online,330.0,87.0,0.06,,verizon.net,C03042,C03042-K1
3006942,2016-07-04 13:40:44,24.96,H,online,325.0,87.0,0.16,yahoo.com,,C03042,C03042-K1
3011702,2016-07-05 20:14:19,100.05,H,online,325.0,87.0,0.15,anonymous.com,,C03042,C03042-K1
3018410,2016-07-07 17:34:22,149.93,R,online,325.0,87.0,0.24,anonymous.com,anonymous.com,C03042,C03042-K1
3023497,2016-07-08 22:29:12,99.93,H,online,299.0,87.0,0.09,anonymous.com,,C03042,C03042-K1
3023553,2016-07-08 22:41:04,100.08,H,online,299.0,87.0,0.17,anonymous.com,,C03042,C03042-K1
3024194,2016-07-09 01:14:04,25.06,H,online,272.0,87.0,0.08,bellsouth.net,bellsouth.net,C03042,C03042-K1
3024254,2016-07-09 01:27:50,49.96,H,online,330.0,87.0,0.11,verizon.net,verizon.net,C03042,C03042-K1
3032418,2016-07-11 04:33:19,100.08,S,online,325.0,87.0,0.12,,gmail.com,C03042,C03042-K1
3034574,2016-07-11 20:51:40,99.98,R,online,143.0,87.0,0.05,anonymous.com,anonymous.com,C03042,C03042-K1
3034642,2016-07-11 21:08:45,100.08,R,online,143.0,87.0,0.13,anonymous.com,anonymous.com,C03042,C03042-K1
3038759,2016-07-12 21:44:37,99.96,R,online,387.0,87.0,0.06,hotmail.com,hotmail.com,C03042,C03042-K1
3041946,2016-07-13 18:29:53,99.98,S,online,184.0,87.0,0.09,,yahoo.com,C03042,C03042-K1
3042227,2016-07-13 19:23:59,99.96,R,online,330.0,87.0,0.5,comcast.net,comcast.net,C03042,C03042-K1
3051990,2016-07-16 00:03:49,174.99,R,online,264.0,87.0,0.36,gmail.com,gmail.com,C03042,C03042-K1
3054453,2016-07-16 18:16:03,50.36,C,online,,,0.24,anonymous.com,anonymous.com,C03042,C03042-K1
3054463,2016-07-16 18:17:31,50.32,C,online,,,0.05,anonymous.com,anonymous.com,C03042,C03042-K1
3054510,2016-07-16 18:25:46,25.16,C,online,,,0.04,anonymous.com,anonymous.com,C03042,C03042-K1
3054511,2016-07-16 18:25:52,50.31,C,online,,,0.17,anonymous.com,anonymous.com,C03042,C03042-K1
3054532,2016-07-16 18:30:00,50.38,C,online,,,0.31,anonymous.com,anonymous.com,C03042,C03042-K1
3063365,2016-07-18 17:24:54,100.06,H,online,325.0,87.0,0.38,gmail.com,gmail.com,C03042,C03042-K1
3063943,2016-07-18 19:04:09,49.91,S,online,126.0,87.0,0.48,,gmail.com,C03042,C03042-K1
3066356,2016-07-19 02:36:43,200.0,R,online,476.0,87.0,0.64,hotmail.com,bellsouth.net,C03042,C03042-K1
3072040,2016-07-20 13:49:46,24.97,H,online,325.0,87.0,0.25,aol.com,,C03042,C03042-K1
3072772,2016-07-20 16:18:09,200.01,R,online,325.0,87.0,0.29,anonymous.com,anonymous.com,C03042,C03042-K1
3074143,2016-07-20 20:07:38,100.04,R,online,337.0,87.0,0.03,gmail.com,gmail.com,C03042,C03042-K1
3080252,2016-07-21 22:16:14,500.03,R,online,387.0,87.0,0.38,cox.net,anonymous.com,C03042,C03042-K1
3085777,2016-07-22 22:19:09,324.97,R,online,387.0,87.0,0.02,att.net,cox.net,C03042,C03042-K1
3085799,2016-07-22 22:22:01,324.96,R,online,387.0,87.0,0.09,att.net,cox.net,C03042,C03042-K1
3086802,2016-07-23 01:03:24,50.0,H,online,225.0,87.0,0.11,hotmail.com,anonymous.com,C03042,C03042-K1
3087822,2016-07-23 05:25:03,200.08,R,online,204.0,87.0,0.81,hotmail.com,hotmail.com,C03042,C03042-K1
3092793,2016-07-24 01:15:43,249.91,R,online,299.0,87.0,0.39,yahoo.com,yahoo.com,C03042,C03042-K1
3096343,2016-07-24 18:55:58,99.98,R,online,472.0,87.0,0.43,yahoo.com,yahoo.com,C03042,C03042-K1
3099575,2016-07-25 04:55:32,49.93,R,online,472.0,87.0,0.71,yahoo.com,anonymous.com,C03042,C03042-K1
3104922,2016-07-26 04:14:38,30.03,H,online,225.0,87.0,0.12,gmail.com,gmail.com,C03042,C03042-K1
3113340,2016-07-27 20:52:10,58.94,W,in_person,330.0,87.0,0.25,gmail.com,,C03042,C03042-K1
3113745,2016-07-27 22:03:51,100.08,R,online,225.0,87.0,0.87,gmail.com,cox.net,C03042,C03042-K1
3120994,2016-07-29 17:01:33,49.94,R,online,330.0,87.0,0.01,gmail.com,gmail.com,C03042,C03042-K1
3150138,2016-08-06 21:35:31,50.02,H,online,231.0,87.0,0.22,sbcglobal.net,sbcglobal.net,C03042,C03042-K1
3150821,2016-08-07 00:38:34,48.94,W,in_person,325.0,87.0,0.54,gmail.com,,C03042,C03042-K1
3206575,2016-08-25 22:29:37,89.94,W,in_person,170.0,87.0,0.16,gmail.com,,C03042,C03042-K1
3015139,2016-07-06 19:02:49,85.78,C,online,,,0.15,gmail.com,gmail.com,C09988,C09988-K1
3032208,2016-07-11 03:01:32,79.78,C,online,100.0,31.0,0.31,anonymous.com,anonymous.com,C09988,C09988-K1
3036519,2016-07-12 11:07:41,89.29,C,online,382.0,31.0,0.13,gmail.com,gmail.com,C09988,C09988-K1
3099865,2016-07-25 08:43:16,69.94,C,online,,,0.06,gmail.com,gmail.com,C09988,C09988-K1
3105149,2016-07-26 05:54:43,45.17,C,online,,,0.11,yahoo.com,yahoo.com,C09988,C09988-K1
3128905,2016-07-31 18:27:04,94.7,C,online,,,0.08,gmail.com,gmail.com,C09988,C09988-K1
3164170,2016-08-11 05:11:38,10.23,C,online,,,0.09,gmail.com,gmail.com,C09988,C09988-K1
3174800,2016-08-14 22:37:45,77.11,C,online,,,0.1,anonymous.com,anonymous.com,C09988,C09988-K1
3191366,2016-08-20 18:07:37,11.62,C,online,,,0.16,anonymous.com,anonymous.com,C09988,C09988-K1
3244254,2016-09-06 23:15:29,78.74,C,online,,,0.19,hotmail.com,hotmail.com,C09988,C09988-K1
3266021,2016-09-14 12:15:20,73.03,C,online,,,0.09,hotmail.com,hotmail.com,C09988,C09988-K1
3266022,2016-09-14 12:18:43,35.76,C,online,,,0.22,hotmail.com,hotmail.com,C09988,C09988-K1
3281953,2016-09-19 18:54:58,9.16,C,online,,,0.17,gmail.com,gmail.com,C09988,C09988-K1
3282178,2016-09-19 20:07:48,11.07,C,online,,,0.1,gmail.com,gmail.com,C09988,C09988-K1
3285143,2016-09-20 20:39:50,64.51,C,online,,,0.26,hotmail.com,hotmail.com,C09988,C09988-K1
3285152,2016-09-20 20:43:42,64.49,C,online,,,0.1,hotmail.com,hotmail.com,C09988,C09988-K1
3285177,2016-09-20 20:49:07,64.6,C,online,,,0.08,hotmail.com,hotmail.com,C09988,C09988-K1
3285211,2016-09-20 20:58:22,64.55,C,online,,,0.05,hotmail.com,hotmail.com,C09988,C09988-K1
3289577,2016-09-22 14:36:11,8.56,C,online,,,0.1,hotmail.fr,hotmail.fr,C09988,C09988-K1
3295579,2016-09-24 16:34:10,24.94,C,online,,,0.08,hotmail.com,hotmail.com,C09988,C09988-K1
3305566,2016-09-27 20:10:56,42.69,C,online,,,0.12,hotmail.fr,hotmail.fr,C09988,C09988-K1
3305634,2016-09-27 20:26:14,37.54,C,online,,,0.09,hotmail.fr,hotmail.fr,C09988,C09988-K1
3309431,2016-09-28 23:32:51,24.95,C,online,,,0.09,gmail.com,gmail.com,C09988,C09988-K1
3309839,2016-09-29 01:09:42,43.7,C,online,,,0.01,hotmail.com,hotmail.com,C09988,C09988-K1
3309908,2016-09-29 01:33:00,43.67,C,online,,,0.03,hotmail.com,hotmail.com,C09988,C09988-K1
3313487,2016-09-30 01:40:00,39.92,C,online,,,0.05,yahoo.fr,yahoo.fr,C09988,C09988-K1
3316685,2016-09-30 22:47:33,16.99,C,online,,,0.06,anonymous.com,anonymous.com,C09988,C09988-K1
3316755,2016-09-30 23:03:29,16.9,C,online,,,0.14,anonymous.com,anonymous.com,C09988,C09988-K1
3322019,2016-10-02 03:43:34,21.32,C,online,,,0.15,hotmail.fr,hotmail.fr,C09988,C09988-K1
3322692,2016-10-02 14:34:15,28.99,C,online,,,0.34,hotmail.fr,hotmail.fr,C09988,C09988-K1
3322716,2016-10-02 14:43:55,27.71,C,online,,,0.15,hotmail.fr,hotmail.fr,C09988,C09988-K1
3324490,2016-10-02 20:58:54,16.85,C,online,,,0.03,anonymous.com,anonymous.com,C09988,C09988-K1
3330430,2016-10-04 07:17:27,30.68,C,online,,,0.13,gmail.com,gmail.com,C09988,C09988-K1
3347315,2016-10-09 01:22:17,37.97,C,online,,,0.06,anonymous.com,anonymous.com,C09988,C09988-K1
3357070,2016-10-12 03:14:26,20.19,C,online,,,0.44,,,C09988,C09988-K1
3357075,2016-10-12 03:15:44,40.33,C,online,,,0.17,,,C09988,C09988-K1
3357102,2016-10-12 03:27:18,36.88,C,online,,,0.08,,,C09988,C09988-K1
3364287,2016-10-14 17:52:30,8.29,C,online,,,0.29,anonymous.com,anonymous.com,C09988,C09988-K1
3368735,2016-10-16 01:12:11,58.8,C,online,,,0.13,gmail.com,gmail.com,C09988,C09988-K1
3368736,2016-10-16 01:13:17,19.64,C,online,,,0.26,gmail.com,gmail.com,C09988,C09988-K1
3368763,2016-10-16 01:19:08,58.65,C,online,,,0.06,gmail.com,gmail.com,C09988,C09988-K1
3374563,2016-10-18 00:49:51,43.2,C,online,,,0.36,hotmail.com,hotmail.com,C09988,C09988-K1
3374623,2016-10-18 01:07:10,8.86,C,online,,,0.21,hotmail.com,hotmail.com,C09988,C09988-K1
3374642,2016-10-18 01:15:31,8.92,C,online,,,0.04,hotmail.com,hotmail.com,C09988,C09988-K1
3374650,2016-10-18 01:18:25,40.81,C,online,,,0.29,hotmail.com,hotmail.com,C09988,C09988-K1
3058980,2016-07-17 18:08:09,249.93,R,online,225.0,87.0,0.12,anonymous.com,anonymous.com,C04570,C04570-K1
3063185,2016-07-18 16:49:09,100.0,R,online,310.0,87.0,0.03,anonymous.com,gmail.com,C04570,C04570-K1
3066479,2016-07-19 03:06:07,250.05,R,online,299.0,87.0,0.33,sbcglobal.net,gmail.com,C04570,C04570-K1
3076175,2016-07-21 02:25:14,149.97,R,online,315.0,87.0,0.74,gmail.com,comcast.net,C04570,C04570-K1
3077293,2016-07-21 14:26:28,100.02,R,online,330.0,87.0,0.26,,,C04570,C04570-K1
3079435,2016-07-21 20:02:21,209.98,W,in_person,325.0,87.0,0.05,anonymous.com,,C04570,C04570-K1
3081435,2016-07-22 01:44:47,374.95,R,online,327.0,87.0,0.28,anonymous.com,anonymous.com,C04570,C04570-K1
3083538,2016-07-22 16:45:48,150.07,R,online,299.0,87.0,0.13,anonymous.com,anonymous.com,C04570,C04570-K1
3083959,2016-07-22 17:44:55,150.03,R,online,469.0,87.0,0.67,anonymous.com,gmail.com,C04570,C04570-K1
3084271,2016-07-22 18:31:22,2892.12,W,in_person,299.0,87.0,0.74,anonymous.com,,C04570,C04570-K1
3099750,2016-07-25 06:14:56,124.96,S,online,441.0,87.0,0.14,,aol.com,C04570,C04570-K1
3103282,2016-07-25 22:17:35,800.03,R,online,299.0,87.0,0.07,anonymous.com,anonymous.com,C04570,C04570-K1
3109837,2016-07-27 01:57:18,49.95,H,online,315.0,87.0,0.85,anonymous.com,gmail.com,C04570,C04570-K1
3116058,2016-07-28 14:55:15,100.05,R,online,226.0,87.0,0.03,hotmail.com,gmail.com,C04570,C04570-K1
3117007,2016-07-28 18:12:47,99.95,R,online,204.0,87.0,0.83,hotmail.com,yahoo.com,C04570,C04570-K1
3118964,2016-07-29 00:30:41,99.98,R,online,204.0,87.0,0.91,yahoo.com,yahoo.com,C04570,C04570-K1
3121653,2016-07-29 19:15:30,1000.01,R,online,264.0,87.0,0.11,aol.com,aol.com,C04570,C04570-K1
3121654,2016-07-29 19:15:48,1000.05,R,online,264.0,87.0,0.12,aol.com,aol.com,C04570,C04570-K1
3121740,2016-07-29 19:31:32,999.93,R,online,264.0,87.0,0.43,aol.com,aol.com,C04570,C04570-K1
3121765,2016-07-29 19:36:08,999.96,R,online,264.0,87.0,0.01,aol.com,aol.com,C04570,C04570-K1
3121778,2016-07-29 19:39:34,999.98,R,online,264.0,87.0,0.29,aol.com,aol.com,C04570,C04570-K1
3135192,2016-08-02 16:55:54,100.03,R,online,299.0,87.0,0.04,anonymous.com,gmail.com,C04570,C04570-K1
3137978,2016-08-03 11:34:08,299.95,H,online,264.0,87.0,0.46,yahoo.com,,C04570,C04570-K1
3149016,2016-08-06 16:59:24,331.02,W,in_person,325.0,87.0,0.14,anonymous.com,,C04570,C04570-K1
3155462,2016-08-08 15:35:27,200.02,R,online,387.0,87.0,0.68,anonymous.com,anonymous.com,C04570,C04570-K1
3155463,2016-08-08 15:36:27,200.0,R,online,387.0,87.0,0.01,anonymous.com,anonymous.com,C04570,C04570-K1
3155508,2016-08-08 15:51:50,199.93,R,online,387.0,87.0,0.17,anonymous.com,anonymous.com,C04570,C04570-K1
3155516,2016-08-08 15:54:34,199.95,R,online,387.0,87.0,0.21,anonymous.com,anonymous.com,C04570,C04570-K1
3155524,2016-08-08 15:56:55,199.91,R,online,387.0,87.0,0.12,anonymous.com,anonymous.com,C04570,C04570-K1
3155538,2016-08-08 16:00:34,199.92,R,online,387.0,87.0,0.04,anonymous.com,anonymous.com,C04570,C04570-K1
3189958,2016-08-20 01:08:00,100.08,H,online,264.0,87.0,0.68,sbcglobal.net,anonymous.com,C04570,C04570-K1
3200770,2016-08-23 20:55:23,444.93,W,in_person,315.0,87.0,0.04,gmail.com,,C04570,C04570-K1
3200858,2016-08-23 21:23:35,445.04,W,in_person,315.0,87.0,0.24,gmail.com,,C04570,C04570-K1
3222430,2016-08-31 15:57:08,149.95,R,online,126.0,87.0,0.05,gmail.com,gmail.com,C04570,C04570-K1
3225360,2016-09-01 15:59:47,250.09,H,online,325.0,87.0,0.17,anonymous.com,,C04570,C04570-K1
3225369,2016-09-01 16:01:59,249.97,H,online,325.0,87.0,0.1,anonymous.com,,C04570,C04570-K1
3226214,2016-09-01 20:05:58,34.01,W,in_person,325.0,87.0,0.19,anonymous.com,,C04570,C04570-K1
3234131,2016-09-03 23:25:26,270.63,W,in_person,299.0,87.0,0.08,anonymous.com,,C04570,C04570-K1
3256608,2016-09-11 01:23:45,569.01,W,in_person,299.0,87.0,0.05,anonymous.com,,C04570,C04570-K1
3256663,2016-09-11 01:44:38,568.98,W,in_person,299.0,87.0,0.16,,,C04570,C04570-K1
3266906,2016-09-14 18:17:13,115.04,W,in_person,325.0,87.0,0.22,yahoo.com,,C04570,C04570-K1
3269325,2016-09-15 14:52:01,104.03,W,in_person,325.0,87.0,0.1,yahoo.com,,C04570,C04570-K1
3270716,2016-09-15 21:55:07,141.01,W,in_person,123.0,87.0,0.06,gmail.com,,C04570,C04570-K1
3273696,2016-09-16 21:51:37,171.0,W,in_person,325.0,87.0,0.21,hotmail.com,,C04570,C04570-K1
3284368,2016-09-20 16:39:40,117.04,W,in_person,123.0,87.0,0.05,anonymous.com,,C04570,C04570-K1
3000053,2016-07-02 00:39:20,117.01,W,in_person,330.0,87.0,0.05,hotmail.com,,C02354,C02354-K2
3000110,2016-07-02 01:11:03,19.97,W,in_person,325.0,87.0,0.19,gmail.com,,C02354,C02354-K2
3000260,2016-07-02 03:34:17,58.99,W,in_person,325.0,87.0,0.19,hotmail.com,,C02354,C02354-K2
3000377,2016-07-02 06:43:06,116.93,W,in_person,325.0,87.0,0.03,,,C02354,C02354-K2
3000429,2016-07-02 07:54:03,250.08,W,in_person,325.0,87.0,0.14,gmail.com,,C02354,C02354-K2
3000487,2016-07-02 10:39:45,223.94,W,in_person,325.0,87.0,0.03,yahoo.com,,C02354,C02354-K2
3000513,2016-07-02 12:00:04,50.04,W,in_person,325.0,87.0,0.33,,,C02354,C02354-K2
3000523,2016-07-02 12:16:12,100.05,W,in_person,325.0,87.0,0.03,hotmail.com,,C02354,C02354-K2
3000529,2016-07-02 12:26:56,19.91,W,in_person,325.0,87.0,0.07,gmail.com,,C02354,C02354-K2
3000601,2016-07-02 13:30:46,44.05,W,in_person,325.0,87.0,0.04,gmail.com,,C02354,C02354-K2
3000623,2016-07-02 13:41:07,87.93,W,in_person,325.0,87.0,0.06,gmail.com,,C02354,C02354-K2
3000659,2016-07-02 14:05:01,170.96,W,in_person,325.0,87.0,0.16,,,C02354,C02354-K2
3000664,2016-07-02 14:09:29,75.04,W,in_person,204.0,87.0,0.11,gmail.com,,C02354,C02354-K2
3000667,2016-07-02 14:10:52,109.01,W,in_person,126.0,87.0,0.2,gmail.com,,C02354,C02354-K2
3000670,2016-07-02 14:12:33,77.04,W,in_person,325.0,87.0,0.01,gmail.com,,C02354,C02354-K2
3000704,2016-07-02 14:31:06,312.02,W,in_person,325.0,87.0,0.04,icloud.com,,C02354,C02354-K2
3000706,2016-07-02 14:32:12,116.92,W,in_person,325.0,87.0,0.09,hotmail.com,,C02354,C02354-K2
3000713,2016-07-02 14:40:32,100.07,W,in_person,325.0,87.0,0.12,,,C02354,C02354-K2
3000742,2016-07-02 14:55:05,110.04,W,in_person,330.0,87.0,0.01,aol.com,,C02354,C02354-K2
3000814,2016-07-02 15:26:31,117.09,W,in_person,325.0,87.0,0.37,anonymous.com,,C02354,C02354-K2
3000855,2016-07-02 15:47:57,160.06,W,in_person,325.0,87.0,0.28,,,C02354,C02354-K2
3000943,2016-07-02 16:26:15,19.95,H,online,126.0,87.0,0.76,hotmail.com,hotmail.com,C02354,C02354-K2
3000962,2016-07-02 16:32:39,107.89,W,in_person,325.0,87.0,0.12,gmail.com,,C02354,C02354-K2
3001000,2016-07-02 16:50:59,432.91,W,in_person,325.0,87.0,0.08,hotmail.com,,C02354,C02354-K2
3001053,2016-07-02 17:10:49,29.46,W,in_person,325.0,87.0,0.12,,,C02354,C02354-K2
3001089,2016-07-02 17:27:32,14.91,H,online,325.0,87.0,0.22,yahoo.com,yahoo.com,C02354,C02354-K2
3001098,2016-07-02 17:31:07,39.96,H,online,126.0,87.0,0.45,verizon.net,,C02354,C02354-K2
3001111,2016-07-02 17:39:40,117.03,W,in_person,325.0,87.0,0.23,aol.com,,C02354,C02354-K2
3001172,2016-07-02 17:59:52,25.06,H,online,325.0,87.0,0.09,yahoo.com,gmail.com,C02354,C02354-K2
3001176,2016-07-02 18:01:15,24.92,H,online,325.0,87.0,0.29,yahoo.com,gmail.com,C02354,C02354-K2
3001232,2016-07-02 18:21:50,108.02,W,in_person,,,0.03,,,C02354,C02354-K2
3001265,2016-07-02 18:35:19,99.96,W,in_person,325.0,87.0,0.02,gmail.com,,C02354,C02354-K2
3001309,2016-07-02 18:51:31,59.99,W,in_person,325.0,87.0,0.05,anonymous.com,,C02354,C02354-K2
3001318,2016-07-02 18:56:30,29.93,W,in_person,325.0,87.0,0.29,ymail.com,,C02354,C02354-K2
3001332,2016-07-02 19:01:33,156.08,W,in_person,325.0,87.0,0.04,,,C02354,C02354-K2
3001344,2016-07-02 19:05:05,15.09,W,in_person,126.0,87.0,0.01,gmail.com,,C02354,C02354-K2
3001346,2016-07-02 19:06:25,30.01,W,in_person,325.0,87.0,0.12,gmail.com,,C02354,C02354-K2
3001360,2016-07-02 19:13:11,39.92,W,in_person,325.0,87.0,0.1,gmail.com,,C02354,C02354-K2
3001393,2016-07-02 19:24:14,14.98,H,online,325.0,87.0,0.13,gmail.com,anonymous.com,C02354,C02354-K2
3001457,2016-07-02 19:47:49,49.97,W,in_person,325.0,87.0,0.23,,,C02354,C02354-K2
3001460,2016-07-02 19:48:07,75.02,W,in_person,325.0,87.0,0.03,,,C02354,C02354-K2
3001662,2016-07-02 21:12:34,49.95,W,in_person,325.0,87.0,0.01,gmail.com,,C02354,C02354-K2
3001764,2016-07-02 21:55:39,199.99,W,in_person,325.0,87.0,0.11,,,C02354,C02354-K2
3001775,2016-07-02 22:02:26,58.95,W,in_person,325.0,87.0,0.12,anonymous.com,,C02354,C02354-K2
3001887,2016-07-02 22:50:31,199.95,R,online,325.0,87.0,0.19,anonymous.com,gmail.com,C02354,C02354-K2
3002221,2016-07-03 00:38:45,49.96,R,online,126.0,87.0,0.5,comcast.net,comcast.net,C07987,C07987-K2
3006150,2016-07-04 01:35:09,19.97,H,online,325.0,87.0,0.01,yahoo.com,,C07987,C07987-K2
3006178,2016-07-04 01:45:05,209.94,W,in_person,337.0,87.0,0.05,hotmail.com,,C07987,C07987-K2
3007932,2016-07-04 18:30:01,100.02,H,online,325.0,87.0,0.25,yahoo.com,yahoo.com,C07987,C07987-K2
3010126,2016-07-05 06:43:17,48.97,W,in_person,512.0,87.0,0.09,gmail.com,,C07987,C07987-K2
3011354,2016-07-05 18:42:20,50.09,W,in_person,204.0,87.0,0.01,aol.com,,C07987,C07987-K2
3015182,2016-07-06 19:10:03,526.95,W,in_person,225.0,87.0,0.09,gmail.com,,C07987,C07987-K2
3017681,2016-07-07 14:11:02,116.98,W,in_person,325.0,87.0,0.36,hotmail.com,,C07987,C07987-K2
3017822,2016-07-07 14:56:06,299.98,H,online,330.0,87.0,0.51,verizon.net,,C07987,C07987-K2
3017846,2016-07-07 15:03:10,50.06,H,online,315.0,87.0,0.72,yahoo.com,,C07987,C07987-K2
3022978,2016-07-08 20:37:29,49.99,H,online,441.0,87.0,0.01,comcast.net,,C07987,C07987-K2
3023906,2016-07-09 00:03:57,100.05,H,online,123.0,87.0,0.77,sbcglobal.net,,C07987,C07987-K2
3025207,2016-07-09 14:24:43,280.01,W,in_person,325.0,87.0,0.07,hotmail.com,,C07987,C07987-K2
3030290,2016-07-10 19:40:40,100.06,S,online,337.0,87.0,0.12,,gmail.com,C07987,C07987-K2
3030697,2016-07-10 21:06:16,50.06,H,online,123.0,87.0,0.86,gmail.com,,C07987,C07987-K2
3030837,2016-07-10 21:34:02,50.02,H,online,143.0,87.0,0.72,embarqmail.com,,C07987,C07987-K2
3033723,2016-07-11 17:57:49,311.89,W,in_person,448.0,87.0,0.04,,,C07987,C07987-K2
3033866,2016-07-11 18:26:38,74.91,H,online,264.0,87.0,0.12,sbcglobal.net,,C07987,C07987-K2
3034040,2016-07-11 19:01:38,24.99,H,online,126.0,87.0,0.82,comcast.net,,C07987,C07987-K2
3039820,2016-07-13 01:41:49,33.95,W,in_person,126.0,87.0,0.06,aol.com,,C07987,C07987-K2
3040787,2016-07-13 14:04:43,200.96,W,in_person,126.0,87.0,0.27,aol.com,,C07987,C07987-K2
3043766,2016-07-14 00:38:34,49.97,H,online,337.0,87.0,0.06,verizon.net,,C07987,C07987-K2
3044307,2016-07-14 03:06:21,78.39,W,in_person,158.0,87.0,0.02,,,C07987,C07987-K2
3048987,2016-07-15 12:26:02,100.01,H,online,325.0,87.0,0.01,verizon.net,,C07987,C07987-K2
3049290,2016-07-15 14:53:11,49.92,S,online,330.0,87.0,0.64,,yahoo.com,C07987,C07987-K2
3051382,2016-07-15 22:07:27,96.92,W,in_person,387.0,87.0,0.01,outlook.com,,C07987,C07987-K2
3053354,2016-07-16 13:55:25,91.96,W,in_person,325.0,87.0,0.09,hotmail.com,,C07987,C07987-K2
3061749,2016-07-18 03:43:52,59.91,H,online,204.0,87.0,0.06,yahoo.com,,C07987,C07987-K2
3062625,2016-07-18 14:59:35,250.04,R,online,181.0,87.0,0.15,gmail.com,gmail.com,C07987,C07987-K2
3064986,2016-07-18 22:09:23,99.97,R,online,330.0,87.0,0.6,comcast.net,comcast.net,C07987,C07987-K2
3068200,2016-07-19 17:24:05,124.95,H,online,204.0,87.0,0.86,gmail.com,,C07987,C07987-K2
3069494,2016-07-19 21:10:41,108.95,W,in_person,325.0,87.0,0.15,,,C07987,C07987-K2
3071209,2016-07-20 03:05:48,55.06,H,online,181.0,87.0,0.04,hotmail.com,,C07987,C07987-K2
3072382,2016-07-20 15:08:24,75.08,H,online,272.0,87.0,0.31,comcast.net,comcast.net,C07987,C07987-K2
3072653,2016-07-20 15:59:16,59.04,W,in_person,204.0,87.0,0.03,yahoo.com,,C07987,C07987-K2
3077016,2016-07-21 12:41:11,150.07,H,online,325.0,87.0,0.13,mail.com,gmail.com,C07987,C07987-K2
3077121,2016-07-21 13:36:28,191.09,W,in_person,325.0,87.0,0.07,hotmail.com,,C07987,C07987-K2
3078433,2016-07-21 17:43:34,279.96,W,in_person,315.0,87.0,0.02,hotmail.com,,C07987,C07987-K2
3081735,2016-07-22 03:01:05,125.06,R,online,327.0,87.0,0.65,hotmail.com,anonymous.com,C07987,C07987-K2
3082949,2016-07-22 14:56:10,97.09,W,in_person,299.0,87.0,0.1,yahoo.com,,C07987,C07987-K2
3084267,2016-07-22 18:30:36,150.06,H,online,264.0,87.0,0.1,sbcglobal.net,sbcglobal.net,C07987,C07987-K2
3088949,2016-07-23 15:55:53,50.09,R,online,384.0,87.0,0.8,comcast.net,comcast.net,C07987,C07987-K2
3090826,2016-07-23 20:22:07,49.97,H,online,299.0,87.0,0.67,aol.com,aol.com,C07987,C07987-K2
3091532,2016-07-23 21:58:34,58.93,W,in_person,325.0,87.0,0.08,hotmail.com,,C07987,C07987-K2
3094118,2016-07-24 12:06:53,25.09,H,online,325.0,87.0,0.01,gmail.com,gmail.com,C07987,C07987-K2
3013334,2016-07-06 03:27:13,1960.95,W,in_person,264.0,87.0,0.45,comcast.net,,C12265,C12265-K2
3013528,2016-07-06 05:17:52,1860.91,W,in_person,264.0,87.0,0.47,,,C12265,C12265-K2
3013569,2016-07-06 05:52:39,1861.03,W,in_person,264.0,87.0,0.04,comcast.net,,C12265,C12265-K2
3013599,2016-07-06 06:21:59,1749.97,W,in_person,264.0,87.0,0.33,comcast.net,,C12265,C12265-K2
3029405,2016-07-10 16:08:06,204.9,W,in_person,264.0,87.0,0.22,aol.com,,C12265,C12265-K2
3029549,2016-07-10 16:49:26,76.97,W,in_person,264.0,87.0,0.25,yahoo.com,,C12265,C12265-K2
3031740,2016-07-11 00:51:31,23.94,W,in_person,264.0,87.0,0.01,gmail.com,,C12265,C12265-K2
3061338,2016-07-18 01:44:23,33.92,W,in_person,264.0,87.0,0.22,,,C12265,C12265-K2
3067945,2016-07-19 16:36:10,608.19,W,in_person,264.0,87.0,0.19,yahoo.com,,C12265,C12265-K2
3071655,2016-07-20 06:01:38,39.93,H,online,264.0,87.0,0.19,yahoo.com,,C12265,C12265-K2
3090666,2016-07-23 19:55:12,209.98,W,in_person,264.0,87.0,0.23,aol.com,,C12265,C12265-K2
3091289,2016-07-23 21:25:37,107.87,W,in_person,264.0,87.0,0.51,yahoo.com,,C12265,C12265-K2
3095915,2016-07-24 18:04:41,40.01,H,online,264.0,87.0,0.11,gmail.com,gmail.com,C12265,C12265-K2
3098904,2016-07-25 01:45:26,209.99,W,in_person,264.0,87.0,0.1,gmail.com,,C12265,C12265-K2
3099578,2016-07-25 04:57:48,49.95,H,online,264.0,87.0,0.49,gmail.com,gmail.com,C12265,C12265-K2
3106491,2016-07-26 16:39:43,107.9,W,in_person,264.0,87.0,0.13,me.com,,C12265,C12265-K2
3111766,2016-07-27 16:33:03,209.98,W,in_person,264.0,87.0,0.18,aol.com,,C12265,C12265-K2
3119975,2016-07-29 06:23:17,49.92,H,online,264.0,87.0,0.01,gmail.com,yahoo.com,C12265,C12265-K2
3144210,2016-08-05 00:48:06,554.07,W,in_person,264.0,87.0,0.14,,,C12265,C12265-K2
3159395,2016-08-09 19:21:49,107.92,W,in_person,264.0,87.0,0.12,yahoo.com,,C12265,C12265-K2
3162448,2016-08-10 19:15:49,15.92,W,in_person,264.0,87.0,0.02,gmail.com,,C12265,C12265-K2
3182252,2016-08-17 16:23:30,81.93,W,in_person,264.0,87.0,0.12,gmail.com,,C12265,C12265-K2
3190062,2016-08-20 01:49:15,209.91,W,in_person,264.0,87.0,0.12,aol.com,,C12265,C12265-K2
3193949,2016-08-21 16:40:17,33.95,W,in_person,264.0,87.0,0.86,gmail.com,,C12265,C12265-K2
3194038,2016-08-21 17:05:29,56.43,W,in_person,264.0,87.0,0.11,icloud.com,,C12265,C12265-K2
3207933,2016-08-26 15:05:57,160.03,W,in_person,264.0,87.0,0.39,gmail.com,,C12265,C12265-K2
3219977,2016-08-30 18:06:10,92.04,W,in_person,264.0,87.0,0.01,,,C12265,C12265-K2
3220036,2016-08-30 18:22:31,43.92,W,in_person,264.0,87.0,0.14,,,C12265,C12265-K2
3237603,2016-09-04 23:49:32,56.04,W,in_person,264.0,87.0,0.14,gmail.com,,C12265,C12265-K2
3239018,2016-09-05 15:02:22,86.97,W,in_person,264.0,87.0,0.19,gmail.com,,C12265,C12265-K2
3254649,2016-09-10 16:11:06,210.0,W,in_person,264.0,87.0,0.01,aol.com,,C12265,C12265-K2
3259414,2016-09-12 00:55:20,82.88,W,in_person,264.0,87.0,0.04,yahoo.com,,C12265,C12265-K2
3275655,2016-09-17 17:07:02,87.98,W,in_person,264.0,87.0,0.06,yahoo.com,,C12265,C12265-K2
3275722,2016-09-17 17:29:08,87.88,W,in_person,264.0,87.0,0.45,yahoo.com,,C12265,C12265-K2
3287641,2016-09-21 19:18:22,279.94,W,in_person,264.0,87.0,0.59,gmail.com,,C12265,C12265-K2
3287769,2016-09-21 19:56:11,279.94,W,in_person,264.0,87.0,0.04,gmail.com,,C12265,C12265-K2
3292205,2016-09-23 13:04:49,48.03,W,in_person,264.0,87.0,0.12,yahoo.com,,C12265,C12265-K2
3292782,2016-09-23 17:08:28,210.02,W,in_person,264.0,87.0,0.28,aol.com,,C12265,C12265-K2
3294669,2016-09-24 02:50:03,159.9,W,in_person,264.0,87.0,0.23,gmail.com,,C12265,C12265-K2
3298579,2016-09-25 16:29:13,249.98,W,in_person,264.0,87.0,0.32,icloud.com,,C12265,C12265-K2
3322761,2016-10-02 14:59:36,49.07,W,in_person,264.0,87.0,0.25,gmail.com,,C12265,C12265-K1
3330922,2016-10-04 15:27:07,59.05,W,in_person,264.0,87.0,0.35,anonymous.com,,C12265,C12265-K2
3330981,2016-10-04 15:44:46,82.86,W,in_person,264.0,87.0,0.31,me.com,,C12265,C12265-K2
3331572,2016-10-04 18:02:33,54.54,W,in_person,264.0,87.0,0.22,live.com,,C12265,C12265-K2
3336034,2016-10-05 20:27:36,130.9,W,in_person,264.0,87.0,0.17,,,C12265,C12265-K2
